No;Name;Chapter;Episode;Year;Note
1;A O;0551;0460;2009;His name was revealed in the Green databook.
2;Abdullah;0704;0632;2013;
3;Absalom;0444;0339;2007;
4;Acilia;0706;0652;2013;
5;Adele;0608;0527;2010;Her name was revealed in the Blue Deep databook.
6;Aggie 68;0552;0461;2009;His name was revealed in One Piece Magazine Vol.2.
7;Agotogi;0163;0100;2001;His name was revealed in the Blue databook.
8;Agsilly;0570;0482;2010;His name was revealed in the Green databook.
9;Agyo;0706;0652;2013;His name was revealed in Chapter 733.
10;Ahho Desunen IX;0587;0501;2010;His name was revealed in the Blue Deep databook.
11;Ahho Zurako;0587;0501;2010;Her name was revealed in the Blue Deep databook.
12;Ahiru;0905;0883;2018;Her name was revealed in SBS Volume 93.
13;Aisa;0249;0161;2002;
14;Akehende;0548;0451;2009;His name was revealed in Vivre Card.
15;Akudai Kanzaburo;0926;0918;2018;His name was revealed in Vivre Card.
16;Akumai;0129;0078;2000;His name was revealed in the Blue databook.
17;Aladine;0620;0540;2011;His name was revealed in Chapter 623.
18;Albion;0600;0519;2010;
19;Alice;0487;Film: Red;2008;Her name was revealed in Chapter 1109.
20;Ally;0658;0583;2012;
21;Alpacaman;0934;0929;2019;
22;Alpha;1100;;2023;
23;Alvida;0002;0001;1997;
24;Amadob;0559;0467;2009;His name was revealed in the Green databook.
25;Amazon;0238;0153;2002;
26;An Zengaiina;0528;0425;2009;His name was revealed in Vivre Card.
27;And;0379;0267;2005;His real name was revealed in Vivre Card.
28;Andre;0558;0479;2009;His name was revealed in the Green databook.
29;Anjo;0001;0400;1997;His name was revealed in the Blue databook.
30;Ankoro;0606;0525;2010;
31;Antonio;0497;0391;2008;His name is written on his restaurant.
32;Aphelandra;0514;0408;2008;
33;Aramaki;0905;0882;2018;His alias, Ryokugyu, was first mentioned by Donquixote Doflamingo in Chapter 713. His real name was revealed in Chapter 1053.
34;Aremo Ganmi;0707;0636;2013;Her name was revealed in SBS Volume 73.
35;Arlong;0069;0031;1999;
36;Arrow;0196;0120;2001;His name was revealed in the Blue databook.
37;Arthur;0556;0472;2009;His name was revealed in the Green databook.
38;Aruyutayan V;0292;0189;2003;His name was revealed in Vivre Card.
39;Asahija;0483;0375;2007;His name was revealed in the Blue Deep databook.
40;Asashichi;0930;0924;2019;His name was revealed in Vivre Card.
41;Ashura Doji;0920;0910;2018;"He was first mentioned as ""Shutenmaru"" by Holed'em in Chapter 916."
42;Aswa;0163;0100;2001;Her name was revealed in the Blue databook.
43;Atagoyama;0915;0902;2018;His name was revealed in Vivre Card.
44;Atlas;1062;1091;2022;
45;Atmos;0553;0461;2009;
46;Attach;0436;0321;2006;His name was revealed in SBS Volume 24.
47;Avalo Pizarro;0575;0484;2010;His name was revealed by the Marines in Chapter 576.
48;Ayesé Mar;;;2023;Joke character. They were first mentioned in SBS Volume 105.
49;Azuki;0940;0936;2019;Her name was revealed in Vivre Card.
50;Babanuki;0934;0930;2019;His name was revealed in Chapter 935.
51;Babe;0160;0103;2000;"He was first mentioned by Nefertari Vivi in Chapter 155 as his alias ""Mr. 4"". His real name was revealed in Vivre Card"
52;Baby 5;0682;0608;2012;
53;Bacura;0516;0409;2008;Her name was revealed by a Kuja in Chapter 518.
54;Baggaley;0561;0489;2009;His name was revealed in the Green databook.
55;Bakezo;0668;0594;2012;He was named in his anime concept art.
56;Ban Dedessinée;0823;0777;2016;Her name was revealed in the captions of Episode 889.
57;Banchi;0114;0067;1999;
58;Banchina;0041;0017;1998;Her name was revealed in the Blue databook.
59;Bankuro;0966;0959;2020;His name was revealed in SBS Volume 96.
60;Banshee;0552;0461;2009;Her name was revealed in One Piece Magazine Vol.2.
61;Banzaburo;0960;0960;2019;His name was revealed in SBS Volume 98.
62;Bao;0449;0343;2007;
63;Bao Huang;0979;0985;2020;
64;Bariete;0804;0753;2015;
65;Barrel;0196;0120;2001;His name was revealed in the Blue databook.
66;Barry;0552;0461;2009;His name was revealed in One Piece Magazine Vol.2.
67;Bartholomew Kuma;0233;0151;2002;
68;Bartolomeo;0705;0633;2013;He was first mentioned by Dagama in Chapter 704.
69;Bas;0379;0267;2005;His name was revealed in Chapter 399.
70;Basil Hawkins;0498;0392;2008;
71;Basilisk;0528;0425;2009;
72;Bastille;0553;0462;2009;His name was revealed in the Blue Deep databook. He was fully introduced in Chapter 717.
73;Batchee;0043;0020;1998;His name was revealed in the Blue databook.
74;Batman;0914;0900;2018;
75;Baxcon;0718;0648;2013;His name was revealed in SBS Volume 73.
76;Beer VI;0823;0777;2016;His name was revealed in Chapter 905.
77;Bekori;1097;;2023;
78;Belo Betty;0904;0880;2018;
79;Belladonna;0514;0408;2008;
80;Bellamy;0222;0146;2002;
81;Bellett;0537;0439;2009;Her name was revealed in the Blue Deep databook.
82;Bell-mère;0077;0032;1999;She was first mentioned by Nami in Chapter 50.
83;Benn Beckman;0001;0004;1997;His name was revealed in SBS Volume 5. He was first named in the manga by Borsalino in Chapter 579.
84;Bentham;0129;0078;2000;He is formally introduced through an infobox in Chapter 154. His full name was revealed by Impel Down guard in Chapter 526.
85;Bepo;0498;0392;2008;
86;Bian;0713;0647;2013;Her name was revealed in Chapter 717. She was fully introduced in Chapter 718.
87;Big Pan;0309;0210;2004;
88;Bimine;0657;;2004;Cover story character. He was first mentioned in Chapter 326.
89;Bingo;0928;0921;2018;
90;Bishamon;0931;0925;2019;His name was revealed in the credits of Episode 926.
91;Biyo;0658;0583;2012;
92;Bizarre;0553;0468;2009;His name was revealed in the Green databook.
93;Black Maria;0977;0982;2020;Her name and appearance were revealed in Chapter 978.
94;Blackback;0805;0754;2015;
95;Blamenco;0553;0461;2009;His name was revealed in SBS Volume 58.
96;Blenheim;0553;0461;2009;His name was revealed by Pirates in Chapter 573.
97;Blondie;0558;0468;2009;His name was revealed in the Green databook.
98;Blue Fan;0516;0410;2008;Her name was revealed in SBS Volume 54.
99;Blue Gilly;0706;0636;2013;
100;Bluegrass;1089;;2023;Her name was revealed in Chapter 1094.
101;Bluejam;0584;0494;2010;He was first mentioned by Porchemy in Chapter 583.
102;Blueno;0325;0230;2004;His name was revealed by Franky in Chapter 339.
103;Blumarine;0967;0959;2020;His name was revealed in SBS Volume 96.
104;Boa Hancock;0516;0409;2008;She was first mentioned by the Risky Brothers in Chapter 489.
105;Boa Marigold;0516;0409;2008;
106;Boa Sandersonia;0516;0409;2008;
107;Bobbin;0651;0571;2012;
108;Bobby Funk;0704;0632;2013;
109;Bobomba;0711;0641;2013;His name was revealed in SBS Volume 73.
110;Bogard;0092;0068;1999;His name was revealed in Episode 68 credits.
111;Bomba;0652;0589;2012;His name was revealed in Episode 622 credits.
112;Bomba;0711;0641;2013;His name was revealed in SBS Volume 73.
113;Bongo;0928;0921;2018;His name was revealed in Chapter 940.
114;Bonk Punch;0001;0004;1997;His name was revealed in SBS Volume 101.
115;Boo;0704;0632;2013;
116;Boodle;0012;0006;1997;
117;Boogie;1038;1065;2022;His name was revealed in SBS Volume 102.
118;Borsalino;0504;0398;2008;He was first mentioned by Nico Robin in Chapter 319. His real name was revealed in Chapter 507. More commonly known by his alias Kizaru.
119;Bourbon Jr.;0180;0111;2001;His name was revealed in the Blue databook.
120;Braham;0249;0163;2002;His name was revealed by Wyper in Chapter 251.
121;Brahm;0196;0120;2001;His name was revealed in the Blue databook.
122;Brannew;0096;0045;1999;
123;Brew;0561;0470;2009;His name was revealed in the Green databook.
124;Briscola;0993;0982;2020;
125;Brocca;0561;0470;2009;Her name was revealed in the Green databook.
126;Brogy;0115;0071;2000;
127;Brontosaurus;0115;;1999;
128;Brook;0442;0337;2007;
129;Bubblegum;1029;1054;2021;His name was revealed in SBS Volume 102.
130;Buche;0880;0852;2017;
131;Buchi;0031;0013;1999;
132;Buckingham Stussy;0802;0752;2015;She was first introduced as Miss Buckin. Her full name was revealed in Chapter 1072.
133;Buffalo;0692;0618;2012;He was first mentioned by Donquixote Doflamingo in Chapter 682.
134;Buggy;0009;0004;1997;He was first mentioned by the Tightrope Walking Funan Bros in Chapter 8.
135;Buhichuck;0446;0340;2007;
136;Building Snake;0041;0004;1998;His name was revealed in SBS Volume 101.
137;Bulldog;1099;;2023;
138;Bunbuku;0911;0894;2018;His name was revealed in SBS Volume 93.
139;Bungo;0928;0921;2018;His name was revealed in Chapter 940.
140;Bunny Joe;0546;0455;2009;His name was revealed in the Blue Deep databook.
141;Bushon;0361;0251;2005;His name was revealed in the Blue Deep databook.
142;Busshiri;0391;0275;2005;His name revealed in Color Walk 4.
143;Byron;0501;0395;2008;
144;Cabaji;0009;0007;1997;His name was revealed in Chapter 15.
145;Caesar Clown;0658;0581;2012;His name was revealed in Chapter 663.
146;Caimanlady;1004;1020;2021;Her name was revealed in Chapter 1005.
147;Camie;0195;0385;2001;She was formally introduced in Chapter 490.
148;Camel;0695;0621;2013;Its name was revealed in SBS Volume 70.
149;Cancer;0096;0045;1999;His name was revealed in the Blue Deep databook.
150;Candre;0557;0466;2009;His name was revealed in SBS Volume 70.
151;Cands;0569;;2010;His name was revealed in the Green databook.
152;Candy;0510;;2010;His name was revealed in Vivre Card.
153;Capone Bege;0498;0392;2008;
154;Capone Pez;0834;0795;2016;
155;Capote;0306;0209;2004;
156;Caribou;0600;0519;2010;He was first mentioned by Demaro Black in Chapter 598.
157;Carmel;0866;0836;2017;Her name was first mentioned by Capone Bege in Chapter 859. She was first seen via a photograph in Chapter 861.
158;Carne;0045;0021;1998;His name was revealed in Chapter 53.
159;Carrot;0804;0753;2015;
160;Catacombo;0602;0522;2010;His name was revealed in the Blue Deep databook.
161;Catarina Devon;0575;0484;2010;She was first mentioned by Emporio Ivankov in Chapter 538.
162;Cavendish;0704;0632;2013;
163;CB Gallant;0966;0959;2020;His name was revealed in SBS Volume 96.
164;Cerberus;0444;0339;2007;
165;Cezar;0823;0777;2016;His name was revealed in Vivre Card.
166;Chabo;0069;0031;1999;His name was revealed in Chapter 70.
167;Chadros Higelyges;0581;0490;2010;His real name was revealed in Vivre Card.
168;Chaka;0155;0091;2000;His name was revealed in Chapter 167.
169;Chao;0738;0671;2014;His name was revealed by another dwarf in Chapter 755.
170;Chap;0823;0777;2016;His name was revealed in Vivre Card.
171;Chappe;0668;0593;2012;
172;Charlos;0499;0393;2008;
173;Charlotte Akimeg;0894;0869;2018;Her name was revealed in One Piece Magazine Vol.4.
174;Charlotte Allmeg;0894;0869;2018;Her name was revealed in One Piece Magazine Vol.4.
175;Charlotte Amande;0827;0786;2016;Her name was revealed in Chapter 845.
176;Charlotte Anana;0845;0809;2016;
177;Charlotte Angel;0860;0830;2017;Her name was revealed in One Piece Magazine Vol.4.
178;Charlotte Anglais;0845;0809;2016;His name was revealed in Chapter 848.
179;Charlotte Basans;0862;0832;2017;His name was revealed in One Piece Magazine Vol.5.
180;Charlotte Basskarte;0860;0830;2017;His name was first mentioned in Chapter 898, and he was identified by the captions of Episode 839.
181;Charlotte Bavarois;0888;0861;2017;
182;Charlotte Brownie;0845;0809;2018;
183;Charlotte Broyé;0864;0834;2017;Her name was revealed in the credits of Episode 835. Her full name was revealed in SBS Volume 90.
184;Charlotte Brûlée;0831;0791;2016;Real appearance was revealed in Chapter 832.
185;Charlotte Cabaletta;0845;0809;2016;His name was revealed in SBS Volume 85.
186;Charlotte Cadenza;0845;0809;2016;His name was revealed in SBS Volume 85.
187;Charlotte Chiboust;0894;0869;2018;His name was revealed in the credits of Episode 869.
188;Charlotte Chiffon;0825;0783;2016;Her name was revealed in Chapter 834.
189;Charlotte Cinnamon;0860;0828;2017;Her name was revealed in Chapter 892.
190;Charlotte Citron;0861;0828;2017;Her name was revealed in Chapter 892.
191;Charlotte Compo;0864;0834;2017;His name was revealed in Episode 846. His full name was revealed in One Piece Magazine Vol.5.
192;Charlotte Compote;0860;0830;2017;She was named in Chapter 861.
193;Charlotte Cornstarch;0865;0835;2017;Her name was revealed in One Piece Magazine Vol.4.
194;Charlotte Counter;0845;0809;2016;His name was revealed in SBS Volume 85.
195;Charlotte Cracker;0835;0796;2016;Real appearance revealed in Chapter 838.
196;Charlotte Custard;0862;0832;2017;Her full name was revealed in Episode 855.
197;Charlotte Dacquoise;0854;0822;2017;His name was revealed in the caption of Episode 834. His full name was revealed in SBS Volume 90.
198;Charlotte Daifuku;0861;0826;2017;
199;Charlotte De-Chat;0845;0809;2016;His name was revealed in One Piece Magazine Vol.5.
200;Charlotte Dolce;0845;0809;2016;
201;Charlotte Dosmarche;0861;0832;2017;His name was first mentioned in Chapter 898, and he was identified by the credits of Episode 835.
202;Charlotte Dragée;0845;0809;2016;
203;Charlotte Effilée;0864;0834;2017;Her name was revealed in One Piece Magazine Vol.4.
204;Charlotte Flampe;0891;0865;2018;
205;Charlotte Fuyumeg;0894;0869;2018;Her name was revealed in One Piece Magazine Vol.4.
206;Charlotte Gala;;;2017;His name was revealed in SBS Volume 85.
207;Charlotte Galette;0829;0789;2016;Her name was revealed in Chapter 843.
208;Charlotte Hachée;0871;;2017;She was officially introduced in One Piece Magazine Vol.4.
209;Charlotte Harumeg;0894;0869;2018;Her name was revealed in One Piece Magazine Vol.4.
210;Charlotte High-Fat;0862;0832;2017;His name was revealed in the captions of Episode 841. His full name was revealed in One Piece Magazine Vol.5.
211;Charlotte Joconde;0894;0869;2018;
212;Charlotte Joscarpone;0845;0809;2017;Her name was revealed in SBS Volume 86 and Chapter 880.
213;Charlotte Kanten;0862;0839;2017;His name was revealed in the captions of Episode 839. His full name was revealed in One Piece Magazine Vol.5.
214;Charlotte Katakuri;0860;0825;2017;He was first mentioned by a Whole Cake Island resident in Chapter 843.
215;Charlotte Kato;0854;0822;2017;His name was revealed in the credits of Episode 843. His full name was revealed in SBS Volume 90.
216;Charlotte Laurin;0864;0834;2017;His name was revealed in the captions of Episode 834. His full name was revealed in One Piece Magazine Vol.5.
217;Charlotte Linlin;0651;0571;2012;She was first mentioned by Kid in Chapter 581. Her real name revealed by Pappag in Chapter 610.
218;Charlotte Lola;0476;0370;2007;Her full name was revealed in Vivre Card.
219;Charlotte Maple;0897;;2018;Her name was revealed in One Piece Magazine Vol.4.
220;Charlotte Marble;0894;0869;2018;Her name was revealed in One Piece Magazine Vol.4.
221;Charlotte Marnier;0861;0831;2017;Her name was revealed in the credits of Episode 834. Her full name was revealed in SBS Volume 90.
222;Charlotte Mascarpone;0845;0809;2017;His name was revealed in SBS Volume 86 and Chapter 880.
223;Charlotte Mash;0865;0834;2017;Her name was revealed in One Piece Magazine Vol.4.
224;Charlotte Melise;0854;;2017;Her name was revealed in One Piece Magazine Vol.4.
225;Charlotte Mobile;0862;0832;2017;His name was revealed in the credits of Episode 833. His full name was revealed in One Piece Magazine Vol.5.
226;Charlotte Mondée;0854;0822;2017;Her name was revealed in One Piece Magazine Vol.4.
227;Charlotte Mont-d'Or;0829;0789;2016;His name was fully revealed in Chapter 843.
228;Charlotte Montb;0897;0873;2018;His name was revealed in One Piece Magazine Vol.5.
229;Charlotte Moscato;0829;0788;2016;
230;Charlotte Mozart;0862;0832;2017;Her name was revealed in One Piece Magazine Vol.4.
231;Charlotte Myukuru;0845;0809;2017;Her name was revealed in an anime promotion poster.
232;Charlotte Newgo;0845;0809;2016;His name was revealed in SBS Volume 89.
233;Charlotte Newichi;0845;0809;2016;His name was revealed in One Piece Magazine Vol.5.
234;Charlotte Newji;0845;0809;2016;His name was revealed in One Piece Magazine Vol.5.
235;Charlotte Newsan;0845;0809;2016;His name was revealed in One Piece Magazine Vol.5.
236;Charlotte Newshi;0845;0809;2016;His name was revealed in One Piece Magazine Vol.5.
237;Charlotte Noisette;0862;0832;2017;His name was revealed in the credits of Episode 833. His full name was revealed in SBS Volume 90.
238;Charlotte Normande;0845;0809;2016;Her name was revealed in One Piece Magazine Vol.4.
239;Charlotte Nougat;0894;0869;2018;His name was revealed in One Piece Magazine Vol.5.
240;Charlotte Nusstorte;0854;0822;2017;His name was revealed in Chapter 882.
241;Charlotte Nutmeg;0894;0869;2018;Her name was revealed in One Piece Magazine Vol.4.
242;Charlotte Opera;0829;0789;2016;His name was fully revealed in Chapter 843.
243;Charlotte Oven;0861;0827;2017;
244;Charlotte Panna;0897;;2018;Her name was revealed in One Piece Magazine Vol.4.
245;Charlotte Perospero;0834;0795;2016;
246;Charlotte Poire;0860;0830;2017;Her name was revealed in SBS Volume 88.
247;Charlotte Praline;0830;0790;2016;
248;Charlotte Prim;0896;0871;2018;Her name was revealed in One Piece Magazine Vol.4.
249;Charlotte Pudding;0651;0571;2012;Her name was first mentioned by Capone Bege in Chapter 812. She was first identified in Chapter 850.
250;Charlotte Raisin;0845;0809;2016;His name was revealed in Chapter 894.
251;Charlotte Saint-Marc;0862;0832;2017;His name was revealed in the credits of Episode 832. His full name was revealed in SBS Volume 90.
252;Charlotte Smoothie;0846;0812;2016;She was first mentioned by a Whole Cake Island resident in chapter 843.
253;Charlotte Snack;0894;0797;2016;He was first mentioned by Charlotte Brûlée in Chapter 837. His name was revealed by Pound in Chapter 843.
254;Charlotte Tablet;0862;0832;2017;His name was revealed in the credits of Episode 832. His full name was revealed in One Piece Magazine Vol.5.
255;Charlotte Wafers;0845;0809;2016;Her name was revealed in One Piece Magazine Vol.4.
256;Charlotte Wiro;0845;0809;2016;His name was revealed in One Piece Magazine Vol.5.
257;Charlotte Yuen;0894;0869;2018;
258;Charlotte Zuccotto;0862;0832;2017;His name was revealed in the captions of Episode 839. His full name was revealed in One Piece Magazine Vol.5.
259;Chess;0131;0078;2000;His name was revealed in Chapter 135.
260;Chesskippa;0398;0278;2006;His name was revealed in the Blue Deep databook.
261;Chessmarimo;0147;0087;2000;
262;Chew;0069;0031;1999;His name was revealed in Chapter 75.
263;Chichilisia;0879;;2017;Cover story character.
264;Chicken;0001;0505;1997;Her name was revealed in the Blue databook.
265;Chicory;0738;0672;2014;Her name was revealed in One Piece Magazine Vol.2.
266;Chimney;0322;0229;2004;
267;Chinjao;0704;0632;2013;
268;Chihaya;0919;0909;2018;Her name was revealed in Vivre Card.
269;Chiya;0287;0187;2003;His name was revealed in Vivre Card.
270;Cho;0952;0946;2019;She first appeared as a silhouette in Chapter 940.
271;Chocho;0921;0912;2018;Her name was revealed in Vivre Card.
272;Choco Police;0827;0786;2016;
273;Chocolat;0598;0517;2010;Her name was revealed in the Blue Deep databook.
274;Choi;0555;0464;2009;His name was revealed in the Green databook.
275;Chome;0931;0925;2019;Her name was revealed in the credits of Episode 925.
276;Chouchou;0012;0006;1997;
277;Chuchun;0306;0209;2004;
278;Chuji;1034;1061;2021;
279;Clapp;1095;;2023;
280;Clione;0810;0757;2016;His name was revealed in SBS Volume 83.
281;Clover;0391;0275;2005;His name was revealed in Chapter 392.
282;Coburn;0288;0187;2003;His name was revealed in Vivre Card.
283;Cocoa;0598;0518;2010;Her name was revealed by Demaro Black in Chapter 599.
284;Cocox;0022;0018;1998;His name was revealed in the Blue databook.
285;Colscon;0574;;2010;His name was revealed in the Green databook.
286;Columbus;0906;;2018;Cover story character. Her name was first mentioned in Chapter 800.
287;Comil;0289;0421;2003;His name was revealed on the Cover Page of Chapter 290.
288;Compo;1040;1066;2022;His name was revealed in SBS Volume 102.
289;Concelot;0809;0758;2015;His name was revealed in Vivre Card.
290;Conis;0239;0154;2002;
291;Conney;1099;;2023;She was first mentioned in Chapter 908.
292;Corgi;0328;0233;2004;
293;Coribou;0600;0519;2010;He was first mentioned by Demaro Black in Chapter 598.
294;Cornelia;0552;0461;2009;Her name was revealed in One Piece Magazine Vol.2.
295;Cosette;0839;0800;2016;
296;Cosmo;0437;;2007;Cover story character. His name was revealed in the Blue Deep databook.
297;Cosmos;0516;0410;2008;Her name was revealed in SBS Volume 54.
298;Cotton;0718;0648;2013;Her name was revealed in SBS Volume 73.
299;Couran;0906;0884;2018;His name was revealed in Vivre Card.
300;Cowboy;0180;0111;2001;His name was revealed in the Blue databook.
301;Crocodile;0126;0076;2000;He was first mentioned by Nefertari Vivi in Chapter 113.
302;Crocus;0102;0062;1999;
303;Curiel;0552;0461;2009;His name was revealed by Gecko Moria in Chapter 562.
304;Curly Dadan;0582;0000;2010;She was first mentioned by Portgas D. Ace in Chapter 440.
305;Cyrano;;;1994;Appeared in the one-shot Monsters.
306;D.R.;;;1994;Appeared in the one-shot Monsters.
307;Dachoman;0940;0937;2019;He was named in Episode 937 credits.
308;Daddy Dee;0079;0035;1999;His name was revealed in the Blue databook.
309;Dagama;0704;0632;2013;
310;Daidalos;0630;0550;2011;
311;Daifugo;0934;0928;2019;His name was revealed in Chapter 935.
312;Daigin;0531;0432;2009;His name was revealed in the Blue Deep databook.
313;Daikoku;0931;0925;2019;His name was revealed in Chapter 933.
314;Daikon;0732;0664;2013;His name was revealed in SBS Volume 73.
315;Daisy;0516;0410;2008;
316;Dalmatian;0553;0462;2009;
317;Dalton;0132;0080;2000;His name was revealed in Chapter 133.
318;Damask;0706;0652;2013;
319;Daruma;0611;0530;2011;
320;Daz Bonez;0160;0103;2000;His real name was revealed by Smoker in Chapter 217.
321;Decalvan Brothers;0551;0460;2009;Their names was revealed in Episode 460.
322;Delacuaji;0551;0460;2009;His name was revealed in the Green databook.
323;Dellinger;0702;0632;2013;
324;Demaro Black;0598;0517;2010;His real name was revealed by a Pacifista in Chapter 601.
325;Den;0616;0534;2011;
326;Denjiro;0919;0909;2018;"He was first introduced under his alias ""Kyoshiro"". Real identity revealed in Chapter 973."
327;Devil Dias;0497;0391;2008;His full name was revealed in the Blue Deep databook.
328;Diamante;0700;0629;2013;
329;Didit;0585;0496;2010;Her name was revealed in Vivre Card.
330;Diesel;0827;0786;2016;His name was revealed by Tony Tony Chopper in Chapter 849.
331;Diez Barrels;0765;0704;2014;
332;Dirt Boss;0326;;2004;Cover story character.
333;Disc J;1040;1079;2022;His name was revealed in SBS Volume 102.
334;Disco;0500;0394;2008;
335;Dive;1024;1080;2021;Her name was revealed in SBS Volume 102.
336;Dobby Ibadonbo;0531;0432;2009;His name was revealed in Vivre Card.
337;Doberman;0420;0302;2006;His name was revealed in the Yellow databook.
338;Dobon;0926;0919;2018;
339;Doc Q;0223;0146;2002;His name was revealed in Chapter 234.
340;Dogra;0582;0493;2010;His name was revealed by Curly Dadan in Chapter 584, he is formally identified in Chapter 587.
341;Dogya;0552;0461;2009;His name was revealed in One Piece Magazine Vol.2.
342;Doha Ittanka II;0529;0430;2009;His name was revealed in Vivre Card.
343;Doll;1061;1090;2022;
344;Doma;0551;0460;2009;
345;Domino;0526;0422;2009;
346;Domo-kun;0009;;1997;Joke character. He first appeared in God's Gift for the Future. His name was revealed in the Blue databook.
347;Donannoyo;0926;0919;2018;His name was revealed in Vivre Card.
348;Donovan;0318;;2004;
349;Donquino;0966;0959;2020;His name was revealed in SBS Volume 96.
350;Donquixote Doflamingo;0233;0151;2002;
351;Donquixote Homing;0763;0699;2014;
352;Donquixote Mjosgard;0625;0545;2011;His full name was revealed in Chapter 907.
353;Donquixote Rosinante;0761;0686;2014;"He was first mentioned by Trafalgar D. Water Law (as ""Cora-san"") in Chapter 729. His real name was revealed in Chapter 763."
354;Doran;0657;0583;2012;His name was revealed in Chapter 665.
355;Doringo;0000;0000;2009;His name was revealed in SBS Volume 96.
356;Dorry;0116;0071;2000;
357;Dosun;0611;0530;2011;
358;Dotaku;0926;0918;2018;His name was revealed in Vivre Card.
359;Dracule Mihawk;0049;0023;1998;He was first mentioned by Gin in Chapter 48 under his epithet. He was formally introduced in Chapter 50.
360;Dragon Number Thirteen;0655;0579;2012;His name was revealed in Vivre Card.
361;Draw;;;2018;He was first introduced in One Piece novel A Volume 1.
362;Drip;0598;0518;2010;His name was revealed in Chapter 603.
363;Drophy;0160;0103;2000;Her real name was revealed in Vivre Card.
364;Drug Peclo;0860;0828;2017;
365;Ducky Bree;0552;0461;2009;His name was revealed in One Piece Magazine Vol.2.
366;Duval;0491;0386;2008;His name was revealed in Chapter 492.
367;Eddy;0223;0146;2002;His name was revealed in the Blue databook.
368;Edison;1065;1095;2022;Its name was first seen on a chart in Chapter 1062.
369;Edward Newgate;0234;0151;2002;He was first mentioned by Smoker in Chapter 157. Better known by his epithet Whitebeard.
370;Edward Weevil;0802;0751;2015;He was first mentioned by Brannew in Chapter 700. He appeared as a silhouette in Chapter 801.
371;Eiri;0866;0836;2017;Mentioned only character. He was mentioned by a giant in Chapter 866.
372;Egana;0483;0375;2007;His name was revealed in the Blue Deep databook.
373;Eggplant Soldier;0849;0814;2016;He was only named in the anime.
374;Eikon;0711;0641;2013;Her name was revealed in One Piece Magazine Vol.2.
375;Elizabello II;0704;0632;2013;
376;Elmy;0551;0460;2009;Her name was revealed in the Green databook.
377;Emma;1071;;2023;Her name was revealed in SBS Volume 102.
378;Emporio Ivankov;0537;0438;2009;He was first mentioned by Bentham in Chapter 532.
379;Enel;0254;0167;2002;He was first mentioned by Conis in Chapter 241.
380;Enishida;0517;0411;2008;
381;Epoida;0553;0467;2009;His name was revealed in the Green databook.
382;Époni;0841;0804;2016;
383;Erik;0167;0105;2001;His name was revealed in the Blue databook.
384;Erio;0967;0959;2020;His name was revealed in SBS Volume 96.
385;Esta;0717;0647;2013;
386;Ethanbaron V. Nusjuro;0233;0151;2002;His name was revealed in Chapter 1086.
387;Eustass Kid;0498;0392;2008;
388;Farafra;0167;0105;2001;
389;Farul;0722;0634;2013;
390;Faust;0508;0401;2008;His name was revealed in SBS Volume 86.
391;Fen Bock;0668;0593;2012;
392;Figarland Garling;1086;;2023;
393;Finamore;0552;0461;2009;His name was revealed in One Piece Magazine Vol.2.
394;Fillonce;0608;0527;2010;Her name was revealed in the Blue Deep databook.
395;Fishbonen;0594;0511;2010;His name was revealed in the Blue Deep databook.
396;Fisher Tiger;0521;0415;2008;
397;Flapper;0711;0641;2013;
398;Flare;;;1994;Appeared in the one-shot Monsters.
399;Forest Boss;0333;;2004;Cover story character.
400;Forliewbs;0566;;2009;His name was revealed in the Green databook.
401;Fossa;0553;0461;2009;His name was revealed in SBS Volume 58.
402;Fourtricks;0994;0982;2020;
403;Foxy;0305;0207;2004;
404;Francois;0537;0438;2009;His name was revealed in Vivre Card.
405;Franky;0329;0233;2004;His name was revealed in Chapter 335. His birth name, Cutty Flam, was revealed in Chapter 346.
406;Fuga;0991;1055;2020;His name was revealed in Chapter 1030.
407;Fugar;1079;;2023;
408;Fugetsu Omusubi;1024;1048;2021;His name was revealed in SBS Volume 101.
409;Fujin;0931;0925;2019;His name was revealed in Chapter 933.
410;Fukaboshi;0609;0528;2011;
411;Fukumi;;;2022;She was first mentioned in SBS Volume 103.
412;Fukurokuju;0931;0925;2019;
413;Fukurou;0375;0264;2005;
414;Fullbody;0043;0020;1998;
415;Funkfreed;0365;0254;2005;
416;Furrari;0906;0884;2018;His name was revealed in Vivre Card.
417;Fuza;0241;0155;2002;Its name was revealed in Chapter 248.
418;Gab;0580;0489;2010;His name was revealed in SBS Volume 101.
419;Gaburu;0702;0921;2013;He was first seen via a photograph.
420;Gaikotsu Yukichi;;;2009;His name was revealed in SBS Volume 53. His face is printed on every 10,000 banknote.
421;Gaimon;0022;0018;1998;
422;Gal;0680;0606;2012;He was named in his anime concept art.
423;Galaxy;0437;;2007;Cover story character. His name was revealed in the Blue Deep databook.
424;Galdino;0117;0070;2000;His real name was revealed by an Impel Down Guards in Chapter 532.
425;Gally;0902;0877;2018;He first appeared in Romance Dawn, Version 1 in 1996.
426;Gama Pyonnosuke;0909;0892;2018;He was named in SBS Volume 95.
427;Gambia;0705;0634;2013;
428;Gambo;0905;0883;2018;His name was revealed in Chapter 1082.
429;Gan Fall;0237;0153;2002;
430;Gancho;0711;0641;2013;
431;Ganryu;0552;0461;2009;His name was revealed in One Piece Magazine Vol.2.
432;Ganryu;0966;0968;2020;His name was revealed in SBS Volume 96.
433;Gatherine;0379;0266;2005;
434;Gatz;0702;0631;2013;His name was revealed in Chapter 709.
435;Gazelleman;0914;0900;2018;
436;Gecko Moria;0449;0343;2007;
437;Gedatsu;0241;0155;2002;His name was revealed in Chapter 254.
438;Gem;0110;0065;1999;His real name was revealed in Vivre Card.
439;Genbo;0249;0163;2002;His name was revealed by Wyper in Chapter 251.
440;Genrin;0940;0937;2019;His name was revealed in Vivre Card.
441;Genzo;0071;0032;1999;
442;George Black;0536;0436;2009;Mentioned only character. Their name was seen on Impel Down's level 5 prisoner list.
443;George Mach;0313;0217;2004;
444;Gerd;0866;0836;2017;
445;Gerotini;1079;;2023;
446;Giberson;0860;0828;2017;
447;Gig;1024;1067;2021;His name was revealed in SBS Volume 102.
448;Gimlet;0775;0715;2015;
449;Gin;0044;0021;1998;His name was revealed in Chapter 45.
450;Gina;0318;0215;2004;
451;Ginko;0682;0608;2012;She is named in Episode 608 credits.
452;Ginnosuke;0919;0909;2018;His name was revealed in Vivre Card.
453;Ginny;1095;;2023;
454;Ginrummy;0795;0739;2015;
455;Giro Chintaro;0909;0892;2018;His name was revealed in Vivre Card.
456;Giolla;0682;0608;2012;Her name was revealed in Chapter 714.
457;Gion;0907;0887;2018;Better known by her alias Momousagi.
458;Giovanni;0809;0758;2015;His name was revealed in Vivre Card.
459;Gismonda;0705;0635;2013;His name was revealed in SBS Volume 104.
460;Gladius;0682;0608;2012;His name was revealed in Chapter 723.
461;Gloriosa;0514;0408;2008;She was first introduced as Elder Nyon. Her real name was revealed by Boa Hancock in Chapter 517.
462;Glove;0427;0309;2006;
463;Gode;0256;0169;2003;His name was revealed in the Blue Deep databook.
464;Going Merry;0041;0017;1998;
465;Goki;0954;0955;2020;His name was revealed by Scratchmen Apoo in Chapter 991.
466;Gol D. Roger;0001;0001;1997;His real name was revealed by Kureha in Chapter 154.
467;Goldberg;0899;0836;2017;He was mentioned by a giant in Chapter 866.
468;Goldfish Princess;0189;;2001;Cover story character.
469;Gomorrah;0366;0256;2005;
470;Gonbe;0322;0229;2004;
471;Goo;0483;0375;2007;His name was revealed in the Blue Deep databook.
472;Gorilla;0596;0514;2010;
473;Gorishiro;0978;0982;2020;His name was revealed in Chapter 997.
474;Goro;0316;Stampede;2004;Cover story character.
475;Gorobe;0924;0916;2018;
476;Gotti;0825;0783;2016;
477;Grabar;0717;0647;2013;Her name was revealed in SBS Volume 73.
478;Gram;0391;0275;2005;Her name revealed in Color Walk 4.
479;Great Michael;0563;;2009;His name was revealed in the Green databook.
480;Guernica;0705;0635;2013;His name was revealed in Chapter 1053, although his identity was not clear until SBS Volume 104.
481;Guillotine;1078;;2023;His name was revealed in Chapter 1108.
482;Gyaro;0197;0386;2001;His name was revealed in the Blue databook. He is formally introduced in Chapter 492.
483;Gyogyo;0498;0392;2008;His name was revealed in Chapter 1097.
484;Gyoro;0449;0343;2007;
485;Gyoru;0001;0045;1997;His name was revealed in the Blue databook.
486;Gyro;0611;0530;2011;His name was revealed in Chapter 611.
487;Hack;0706;0633;2013;
488;Hack;0391;0275;2005;His name revealed in Color Walk 4.
489;Hajrudin;0706;0639;2013;He was first mentioned by Maynard in Chapter 705.
490;Hakowan;0245;0778;2002;His name was revealed in the Blue Deep databook.
491;Hakugan;0810;0757;2015;His name was revealed by Trafalgar D. Water Law in Chapter 1064.
492;Ham Burger;0823;0777;2016;His name was revealed in Chapter 905.
493;Hamburg;0305;0207;2004;
494;Hamlet;0994;0982;2020;
495;Hammond;0607;0526;2010;
496;Han;0940;0937;2019;
497;Hana;0971;0973;2020;
498;Hangan;0556;0465;2009;His name was revealed in the Green databook.
499;Hanger;0097;0048;1999;His name was revealed in the Blue databook.
500;Hanji;0929;0922;2019;His name was revealed in Vivre Card.
501;Hanji;0949;0947;2019;His name was revealed in the captions of Episode 947.
502;Hannyabal;0525;0422;2008;
503;Hanzo;0931;0925;2019;His name was revealed by Shinobu in Chapter 933.
504;Happa Yamao;0341;0241;2004;His name was revealed in SBS Volume 76.
505;Happygun;0578;;2010;His name was revealed in the Green databook.
506;Hara;0919;0909;2018;His name was revealed in Vivre Card.
507;Haredas;0523;0418;2008;His name was revealed in Episode 418 credits. He is formally introduced in the manga in Chapter 592.
508;Harisenbon;0617;0555;2011;
509;Haritsu Kendiyo;0594;0511;2010;His name was revealed in the Blue Deep databook.
510;Haruta;0553;0461;2009;His name was revealed in SBS Volume 58.
511;Hasami;0176;0110;2001;His name was revealed by Nami in Chapter 180.
512;Hatcha;0981;0987;2020;He first appeared as a silhouette in Chapter 980.
513;Hatchan;0069;0031;1999;"Also known by his nickname ""Hachi""."
514;Hattori;0323;0230;2004;
515;Heat;0500;0394;2008;His name was revealed in the Blue Deep databook
516;Helmeppo;0003;0002;1997;
517;Heppoko;0002;0001;1997;His name was revealed in the Blue databook.
518;Hera;0703;0633;2013;His name was written on his back along with his participant number.
519;Hera;1011;1028;2021;
520;Heracles;0524;0420;2008;
521;Herb;0287;0187;2003;Her name was revealed in the Blue Deep databook.
522;Hewitt;0223;0146;2002;His name was revealed in the Blue databook.
523;Hibari;1061;1090;2022;
524;Hidayu;0926;0918;2018;His name was revealed in Vivre Card.
525;Higuma;0001;0004;1997;
526;Hihimaru;0910;0892;2018;Its name was revealed/given in Chapter 911.
527;Hikoichi;0180;0111;2001;His name was revealed in the Blue databook.
528;Hildon;0444;0339;2007;
529;Hina;0171;0127;2001;
530;Hinokizu;1056;1083;2022;Mentioned only character. He was first mentioned by Eustass Kid in Chapter 1056.
531;Hip;1038;1065;2022;Her name was revealed in SBS Volume 102.
532;Hippo Gentleman;0451;0345;2007;His name was revealed by Perona in Chapter 466.
533;Hiramera;0608;0527;2010;Her name was revealed in SBS Volume 65.
534;Hiriluk;0140;0085;2000;
535;Hiroshi;0915;0901;2018;His name was revealed in Vivre Card.
536;Hitsugisukan;0963;0968;2019;His name and full appearance were revealed in Chapter 967.
537;Ho;0213;0128;2002;His name was revealed in the Blue databook.
538;Hocha;0391;0275;2005;His name was revealed in Color Walk 4.
539;Hocker;0012;0006;1997;Name was revealed in the Blue databook.
540;Hody Jones;0608;0527;2010;He was officially introduced in Chapter 611.
541;Hoe;0611;0530;2011;
542;Hogback;0446;0340;2007;He was first mentioned by Hildon in Chapter 444.
543;Hoichael;0371;0313;2005;
544;Holed'em;0915;0901;2018;He was first mentioned by Gazelleman in Chapter 914.
545;Holy;0241;0155;2002;His name was revealed by Ohm in Chapter 251.
546;Home;0921;0912;2018;Its name was revealed in Vivre Card.
547;Hongo;0001;0489;1997;His name was revealed in SBS Volume 101.
548;Honner;0287;0187;2003;His name was revealed in Vivre Card.
549;Hop;1040;;2022;Her name was revealed in SBS Volume 102.
550;Hotei;0951;0951;2019;His name was revealed in Chapter 986.
551;Hotori;0261;0171;2003;
552;Hototogisu;0766;0705;2014;Her name was revealed in SBS Volume 108.
553;Hound;1078;;2023;His name was revealed in Chapter 1108.
554;House;1038;1067;2022;Her name was revealed in SBS Volume 102.
555;Hublot;0552;0461;2009;His name was revealed in One Piece Magazine Vol.2.
556;Humphrey;0598;0517;2008;His name was revealed in the Blue Deep databook.
557;Hustle;0060;;1998;His name was revealed in the Blue databook.
558;Hyogoro;0926;0919;2018;His full name was revealed in Chapter 934.
559;Hyota;0196;0120;2001;His name was revealed in the Blue databook.
560;Hyoutauros;0658;0582;2012;His name is mentioned by Luffy in Episode 582.
561;Hyouzou;0607;0527;2010;His name was revealed in Chapter 610.
562;Ibiributsu;0926;0919;2018;His name was revealed in Vivre Card.
563;Ibusu;0738;0671;2014;
564;Iceburg;0323;0230;2004;
565;Ichika;0608;0527;2010;
566;Ideaman;0055;0025;1998;His name was revealed in the Blue databook.
567;Ideo;0706;0633;2013;
568;Igaram;0106;0064;1999;His real name was revealed introduced by Nefertari Vivi in Chapter 110.
569;Ikaros Much;0611;0530;2011;
570;Ikkaku;0810;0757;2016;Her name was revealed in SBS Volume 83.
571;Ikkaku;0915;0902;2018;His name was revealed in Vivre Card.
572;Imu;0906;0885;2018;Their name was revealed in Chapter 908.
573;Inazuma;0536;0438;2009;He reveals his name in Chapter 537.
574;Inbi;0954;0955;2019;His name was revealed in Chapter 1030.
575;Indigo;0000;0429;2009;
576;Inhel;0718;0648;2013;His name was revealed in SBS Volume 73.
577;Inoichibannosuke;0917;0904;2018;His name was revealed in Vivre Card.
578;Inuarashi;0808;0756;2015;He first appeared shadowed in Wanda's flashback in Chapter 806.
579;Inukai;0932;0926;2019;His name was revealed in Vivre Card.
580;Inuppe;0451;0345;2007;His name was revealed in the One Piece Manga Volume 48.
581;Ipponmatsu;0097;0049;1998;
582;Ipponume;0097;0049;1998;Her name was revealed in Vivre Card.
583;Isa;0256;0168;2003;Her name was revealed in the Blue Deep databook.
584;Ishigo Shitemanna;0325;0231;2004;His name was revealed in the Blue Deep databook.
585;Ishilly;0608;0527;2010;Her name was called out by another mermaid in Chapter 612.
586;Island Eater;0129;0077;2000;His name was revealed in Vivre Card.
587;Islewan;0553;0462;2009;His name was revealed in the Green databook.
588;Issho;0701;0630;2013;His alias was revealed by Sakazuki in Chapter 700. His real name was revealed in Chapter 705.
589;Isuka;;;2018;She was first introduced in One Piece novel A Volume 1.
590;Itomimizu;0306;0209;2004;
591;Ivan X;0180;0111;2001;His name was revealed in the Blue databook.
592;Izou;0553;0461;2009;His name was revealed in SBS Volume 58.
593;Iwatobi;0823;0777;2016;His name was revealed in Vivre Card.
594;Iyan'eno Chinode;1074;;2023;Her name was revealed in SBS Volume 107.
595;Jabra;0375;0264;2005;
596;Jack;0801;0746;2015;He was first mentioned by one of his subordinates in Chapter 692.
597;Jack-in-the-Box;0448;0342;2007;
598;Jacksonbanner;0967;0968;2020;His name was revealed in SBS Volume 96.
599;Jaguar;1039;1067;2022;His name was revealed in SBS Volume 102.
600;Jaguar D. Saul;0392;0275;2005;
601;Jaki;0954;0955;2019;His name was revealed in Chapter 989.
602;Jalmack;0588;0502;2010;
603;Jango;0025;0009;1998;
604;Jarul;0866;0836;2017;
605;Jaygarcia Saturn;0233;0151;2002;His name was revealed in Chapter 1073.
606;Jean Ango;0706;0639;2013;
607;Jean Bart;0497;0391;2008;His name was revealed by Trafalgar D. Water Law in Chapter 505.
608;Jean Goen;0526;0423;2008;His name was revealed in Vivre Card.
609;Jeep;0906;0884;2018;Her name was revealed in the captions of Episode 889.
610;Jeet;0706;0632;2013;
611;Jerry;0362;0253;2005;
612;Jero;0680;0606;2012;He was named in his anime concept art.
613;Jesus Burgess;0222;0146;2002;His name was revealed in Chapter 234.
614;Jew Wall;0222;0145;2002;Mentioned only character. Their name was first mentioned in Chapter 222.
615;Jewelry Bonney;0498;0392;2008;
616;Jibuemon;0920;0911;2018;
617;Jigoku Benten;0931;0925;2019;Her name was revealed in the credits of Episode 925.
618;Jigoro;0452;0346;2007;
619;Jigra;0860;0830;2017;
620;Jinbe;0528;0416;2009;He was first mentioned by Yosaku in Chapter 69.
621;Jiron;1082;;2023;
622;Jizo;0951;0951;2019;His name was revealed in the credits of Episode 995.
623;Jo;0948;0947;2019;His name was revealed in the captions of Episode 947.
624;Jobo;0232;0150;2002;His name was revealed in the Blue Deep databook.
625;John;0450;0344;2007;He was first mentioned by Buggy in Chapter 233.
626;John Giant;0096;0045;1999;His name was revealed in the Blue databook.
627;Johnny;0042;0019;1998;
628;Jorge;0353;0248;2005;His name was revealed in the Blue Deep databook.
629;Joseph;0705;0635;2013;His name was revealed in SBS Volume 104.
630;Joshu;1065;1095;2022;Its name was revealed in SBS Volume 106.
631;Jorul;0866;0836;2017;
632;Joy Boy;0628;0548;2011;His name was read on a Poneglyph by Nico Robin in Chapter 628.
633;Jozu;0234;0151;2002;
634;Judy;0499;0393;2008;His name was revealed in the Blue Deep databook.
635;Jujiro;0926;0918;2018;His name was revealed in Vivre Card.
636;Juki;0977;0982;2020;His name was mentioned by X Drake in Chapter 990.
637;Julius;0578;0489;2010;His name was revealed in the Green databook.
638;Junan;0611;0530;2011;His name was revealed in the Blue Deep databook.
639;Kabu;0710;0640;2013;Real appearance revealed in Chapter 711.
640;Kadar;0622;0541;2011;
641;Kagero;0920;0909;2018;His name was revealed in Vivre Card.
642;Kagikko;0064;;1998;His name was revealed in the Blue databook.
643;Kaidou;0795;0739;2015;He was first mentioned by Gecko Moria in Chapter 456. Part of his face was seen in Chapter 693 color spread.
644;Kairen;0608;0527;2010;Her name was revealed in SBS Volume 65.
645;Kairiken;0498;0392;2008;His name was revealed in the Blue Deep databook.
646;Kairo Kureyo;0535;0437;2009;His name was revealed in Vivre Card.
647;Kaku;0323;0230;2004;
648;Kaku;0927;0919;2018;
649;Kakukaku;0334;0237;2004;His name was revealed in SBS Volume 43.
650;Kakunoshin;0926;0918;2018;His name was revealed in Vivre Card.
651;Kalgara;0286;0187;2006;He was first mentioned by Braham in Chapter 249.
652;Kalifa;0323;0230;2004;
653;Kamakiri;0249;0163;2002;
654;Kamekichi;0926;0918;2018;His name was revealed in Vivre Card.
655;Kamijiro;0914;0901;2018;His name was revealed by Holed'em in Chapter 917.
656;Kaneshiro;0072;0032;1999;His name was revealed in the Blue databook.
657;Kanezenny;0398;0278;2006;Her name was revealed in the Blue Deep databook.
658;Kappa;0167;0105;2001;
659;Karasu;0593;0510;2010;His name and full appearance were revealed in Chapter 904.
660;Karma;0553;0467;2009;His name was revealed in the Green databook.
661;Karoo;0109;0065;1999;
662;Kasa;0594;0511;2010;Her name was revealed in the Blue Deep databook.
663;Kasagoba;0607;0527;2010;His name was revealed in the Blue Deep databook.
664;Kashii;0377;0265;2005;
665;Kashigami;0287;0187;2003;
666;Katsuzo;0960;0960;2019;
667;Kawamatsu;0920;0910;2018;He was first mentioned by Kin'emon in Chapter 921.
668;Kaya;0023;0009;1998;Her name was revealed in Chapter 24.
669;Kazekage;0931;0925;2019;His name and its spelling were revealed in SBS Volume 97.
670;Kazenbo;1030;1055;2021;
671;Kebi;0164;0100;2001;His name was revealed in the Blue databook.
672;Kechatch;0553;;2009;His name was revealed in the Green databook.
673;Keith;0809;0759;2015;His name was revealed in Vivre Card.
674;Kentauros;0180;0111;2001;His name was revealed in the Blue databook.
675;Kelly Funk;0704;0633;2013;
676;Kerville;0379;0267;2005;His name was revealed in Chapter 399.
677;Kibagaeru;0306;0208;2004;His name was revealed in the Blue Deep databook.
678;Kibin;0594;0475;2010;His name was revealed in Episode 475 credits.
679;Kiev;0325;0231;2004;His name was revealed in the Yellow databook.
680;Kikipatsu;0925;0917;2018;His name was revealed in Vivre Card.
681;Kiku;0515;0409;2008;Mentioned only character. Her name was seen on an arena battle board on Amazon Lily.
682;Kikunojo;0913;0899;2018;
683;Kikyo;0514;0408;2008;
684;Killer;0498;0392;2008;
685;Kimel;0552;0461;2009;His name was revealed in One Piece Magazine Vol.2.
686;Kin'emon;0656;0580;2012;His name was revealed in Chapter 664.
687;Kinbo;0917;0904;2018;His name was revealed in Vivre Card.
688;Kinderella;0261;0778;2003;Her real name was revealed in Chapter 906.
689;King;0925;0918;2018;He first appeared as a silhouette in Chapter 920.
690;Kingbaum;0836;0797;2016;
691;Kinga;0570;0484;2010;His name was revealed in the Green databook.
692;Kingdew;0562;0461;2009;His name was revealed in SBS Volume 58.
693;Kinoko;0536;0437;2009;His name was revealed in Vivre Card.
694;Kirinkodanuki;0022;0018;1998;It was named in its anime concept art.
695;Kirintauros;0658;0582;2012;His name is listed in the credits for Episode 582.
696;Kisegawa;0929;0922;2019;
697;Kitton;0523;0418;2008;His name was revealed in Episode 418 credits.
698;Kiwi;0329;0233;2004;
699;Koala;0622;0541;2011;
700;Kobe;0929;0922;2019;
701;Koby;0002;0001;1997;
702;Koda;0285;;2003;Cover story character. Her name was revealed in the Blue Deep databook. She made a cameo appearance in Episode 381 in a newspaper.
703;Koito;0930;0923;2019;Her name was revealed in Vivre Card.
704;Kojuro;0926;0918;2018;His name was revealed in Vivre Card.
705;Kokoro;0322;0229;2004;
706;Komachiyo;0910;0892;2018;Its name was revealed in Chapter 911.
707;Komakkov;;;2024;He was first mentioned in SBS Volume 108.
708;Komane;0903;0879;2018;
709;Konbu;0657;0582;2012;His name was revealed in Chapter 686.
710;Kong;0000;0000;2009;He is formally introduced in Chapter 594.
711;Kop;0325;0231;2004;His name was revealed in the Yellow databook.
712;Kotatsu;0552;0461;2009;His name was revealed in One Piece Magazine Vol.2.
713;Kotetsu;0912;0897;2018;Mentioned only character. He was mentioned by Tenguyama Hitetsu in Chapter 912.
714;Kotori;0261;0171;2003;
715;Koyama;0960;0960;2019;It was named by Kozuki Oden in Chapter 963.
716;Koza;0163;0093;2001;
717;Koze;0096;0048;1999;His name was revealed in the Blue databook.
718;Kozuki Hiyori;0909;0892;2018;She was identified in Chapter 938.
719;Kozuki Momonosuke;0684;0609;2012;He was first mentioned by Kin'emon in Chapter 658. His full name and true identity revealed in Chapter 817.
720;Kozuki Oden;0920;0910;2016;He was first mentioned by Kin'emon in Chapter 817. He appeared as a silhouette in Episode 893.
721;Kozuki Sukiyaki;0911;0894;2018;He was introduced as Tenguyama Hitetsu in Chapter 912. His real name was first mentioned by Kin'emon in Chapter 920. They were revealed to be the same person in Chapter 1053.
722;Kozuki Toki;0919;0910;2018;She first appeared as a silhouette in Episode 893.
723;Krieg;0045;0021;1998;He was first mentioned by a Marine in Chapter 44. He was formally introduced in Chapter 46.
724;Kujaku;0966;1090;2019;Her name was revealed in Chapter 1080.
725;Kukai;0552;0461;2009;His name was revealed in One Piece Magazine Vol.2.
726;Kumadori;0375;0264;2005;
727;Kumadori Yamanbako;;;2006;She was first mentioned in SBS Volume 44.
728;Kumae;;;2012;Its name was revealed in SBS Volume 66.
729;Kumagoro;0929;0922;2019;
730;Kumaguchi Ichiro;;;2009;His name was revealed in SBS Volume 53. His face is printed on every 5,000 banknote.
731;Kumashi;0449;0343;2007;
732;Kuni;0927;0919;2018;
733;Kunyun;1020;1042;2021;She was first heard laughing in Chapter 978.
734;Kureha;0134;0081;2000;Also known as Doctorine.
735;Kuro;0023;0009;1998;He was introduced with his alias, Klahadore. His real name was revealed by Jango in Chapter 26.
736;Kurokoma;0960;0960;2019;His appearance was revealed in Road To Laugh Tale Vol. 4.
737;Kuromarimo;0131;0079;2000;His name was revealed in Chapter 135.
738;Kuroobi;0069;0031;1999;His name was revealed in Chapter 75.
739;Kurosawa;0920;0911;2018;His name was revealed in Vivre Card.
740;Kurotsuru;0276;;2003;Cover story character. His name was revealed in the Blue Deep databook.
741;Kurozumi Higurashi;0965;0965;2019;Her name was revealed in Chapter 969.
742;Kurozumi Kanjuro;0700;0629;2013;His full name was revealed in Chapter 974.
743;Kurozumi Orochi;0927;0921;2018;He was first mentioned by Kin'emon in Chapter 818. His name was revealed by Kin'emon in Chapter 909.
744;Kurozumi Semimaru;0965;0965;2019;His name was revealed in Chapter 969.
745;Kurozumi Tama;0911;0893;2018;Her full name was revealed in SBS Volume 105.
746;Kuzan;0303;0225;2003;His name was revealed in Chapter 318. Better known by his former epithet Aokiji.
747;Kyros;0702;0631;2013;He was introduced in his toy form as Thunder Soldier. His real name and appearance were revealed in Chapter 704. His true identity was revealed by Leo in Chapter 739.
748;Kyuin;0755;0692;2014;
749;Kyuji;0302;;2003;Cover story character. His name was revealed in the Blue Deep databook. He made a cameo appearance in Episode 381 in a newspaper.
750;Kyukyu;0334;0237;2004;His name was revealed in the Blue Deep databook.
751;Laboon;0102;0062;1999;His name was revealed by Crocus in Chapter 103.
752;Lacroix;0550;0459;2009;His name was revealed by Marines in Chapter 555.
753;Lacuba;0501;0394;2008;
754;Lady Tree;0873;0844;2017;
755;Laffitte;0234;0151;2002;
756;Lao G;0682;0608;2012;His name was revealed in Chapter 702.
757;Laskey;0392;0276;2005;His name was revealed in the Blue Deep databook.
758;Lassoo;0160;0103;2000;
759;Lemoncheese;0906;0884;2018;Her name was revealed in the captions of Episode 889.
760;Leo;0710;0640;2013;Real appearance revealed in Chapter 711.
761;Leonero;0552;0461;2009;His name was revealed in One Piece Magazine Vol.2.
762;Lilith;1061;1090;2022;Her name was revealed in Chapter 1062.
763;Lily;0223;0146;2002;
764;Limejuice;0001;0004;1997;His name was revealed in SBS Volume 101.
765;Linaria;1079;;2023;Her name was revealed in SBS Volume 108.
766;Lindbergh;0904;0880;2018;
767;Lines;0044;0021;1998;His name was revealed in the Blue databook.
768;Lionbuta;0022;0018;1998;His name was revealed in the Yellow databook.
769;Lip Doughty;0600;0519;2010;
770;Little Oars Jr.;0554;0463;2009;
771;Loki;0858;0827;2017;
772;Lola;0451;0345;2007;
773;Lonz;0550;0459;2009;His name was revealed by Marines in Chapter 556.
774;Lord of the Coast;0001;0004;1997;
775;Louis Arnote;0115;0070;2000;Mentioned only character. He was first mentioned in Chapter 115.
776;Lucky Roux;0001;0004;1997;His name was revealed in SBS Volume 5.
777;Lu Feld;0860;0828;2017;His name was first mentioned by a resident of Nuts Island in Chapter 859.
778;Lulis;0608;0527;2010;Her name was revealed in the Blue Deep databook.
779;Machvise;0682;0608;2012;His name was revealed in Chapter 702.
780;Macro;0197;0386;2001;His name was revealed in the Blue databook. He was formally introduced in Chapter 492.
781;Macro;0437;;2007;Cover story character. His name was revealed in the Blue Deep databook.
782;Madilloman;0939;0935;2019;
783;Magellan;0528;0425;2009;He was first mentioned by Hannyabal in Chapter 526.
784;Magra;0582;0493;2010;His name was revealed by Curly Dadan in Chapter 584. He was formally identified in Chapter 587.
785;Maha;0929;0922;2019;His name was revealed in Chapter 1041.
786;Maidy;0215;0129;2002;Her name was revealed in the Blue databook.
787;Maki;0925;0917;2018;Her name was revealed in Vivre Card.
788;Makino;0001;0004;1997;
789;Makko;0216;;2002;His name was revealed in the Blue databook.
790;Manboshi;0609;0528;2011;
791;Mani;0223;0146;2002;Her name was revealed in the Blue databook.
792;Manjaro;0598;0518;2010;His name was revealed in the Blue Deep databook.
793;Mansherry;0717;0647;2013;
794;Marco;0234;0151;2002;
795;Marcus Mars;0233;0151;2002;His name was revealed in Chapter 1086.
796;Margarita;0483;0375;2007;
797;Marguerite;0514;0408;2008;
798;Mari;0906;0884;2018;His name was revealed in Vivre Card.
799;Maria Napole;0649;0569;2011;Her name was announced by an unseen announcer in Chapter 649.
800;Marianne;0117;0070;2000;Her real name was revealed in Vivre Card. Also known as Miss Goldenweek.
801;Marie;0499;0393;2008;
802;Marilyn;0300;0193;2003;Her name was revealed in SBS Volume 35.
803;Marin;0500;0394;2008;
804;Mario;0701;0630;2013;
805;Marshall D. Teach;0223;0146;2002;He was first mentioned in Drum Island in Chapter 133. He is formally introduced in Chapter 234. Most commonly referred to by his epithet Blackbeard.
806;Marumieta;0436;;2006;Her name was revealed in SBS Volume 47.
807;Mash;0204;;2001;
808;Mashikaku;0098;0048;1999;His name was revealed in the Blue databook.
809;Masira;0219;0144;2002;
810;Masked Deuce;0552;0461;2009;His name was revealed in One Piece Magazine Vol.1.
811;Massui;0911;0893;2018;His name was revealed in Vivre Card.
812;Master;0233;0145;2002;His name was revealed in Vivre Card.
813;Master of the Waters;0319;0227;2004;
814;Matryosaka;0905;0882;2018;Her name was revealed in Vivre Card.
815;Matryoseka;0905;0882;2018;Her name was revealed in Vivre Card.
816;Matryosoka;0905;0882;2018;Her name was revealed in Vivre Card.
817;Matryosuka;0905;0882;2018;Her name was revealed in Vivre Card.
818;Matsuge;0162;0093;2001;
819;Maujii;0755;0692;2014;His name was revealed in SBS Volume 73.
820;Maynard;0705;0634;2013;
821;MAX Marx;0966;0967;2020;His name was revealed in SBS Volume 96.
822;Mayushika;0269;0176;2003;His name was revealed in the Blue Deep databook.
823;McGuy;0551;0460;2009;
824;McKinley;0241;0155;2002;
825;Meadows;0706;0659;2013;
826;Mecha-Shark;1061;1089;2022;
827;Megalo;0605;0525;2010;His name was revealed in the Green databook.
828;Mero;0608;0527;2010;Her name was revealed in SBS Volume 65.
829;Merry;0024;0011;1998;His name was revealed by Kaya in Chapter 31.
830;Michael;0371;0313;2005;
831;Mihar;0552;0461;2009;His name was revealed in One Piece Magazine Vol.2.
832;Mikazuki;0323;0230;2004;
833;Mikio Itoo;0001;;1997;Joke character.
834;Mikita;0110;0065;1999;Her name was first revealed in Vivre Card.
835;Milky;0814;0765;2016;Her name was revealed in SBS Volume 82. First seen via photo in Chapter 807.
836;Millet Pine;0966;0959;2020;His name was revealed in SBS Volume 96.
837;Milo;0717;0647;2013;He was first introduced as Onepoco. His real name was revealed in Chapter 743.
838;Minatomo;;0051;1999;Joke character. He was first mentioned in SBS Volume 7.
839;Minatomo;0909;0892;2018;
840;Minister of the Left;0612;0531;2011;
841;Minister of the Right;0612;0531;2011;
842;Minochihuahua;0662;;2012;Cover story character.
843;Minokoala;0531;0432;2009;His name was revealed in Chapter 533.
844;Minorhinoceros;0532;0433;2009;
845;Minoruba;0498;0392;2008;His name was revealed in the Blue Deep databook.
846;Minotaurus;0525;0422;2008;His name was revealed in Chapter 532.
847;Minozebra;0533;0434;2009;
848;Misery;1039;1066;2022;
849;Miss Catherina;0106;0064;1999;Her name was revealed in the Blue databook.
850;Miss Father's Day;0205;0124;2001;
851;Miss Friday;0105;0063;1999;
852;Miss Monday;0107;0064;1999;
853;Miss Mother's Day;0155;0091;2000;Mentioned only character. She was first mentioned by Nefertari Vivi in Chapter 155.
854;Miss Saturday;0155;0091;2000;Mentioned only character. She was first mentioned by Nefertari Vivi in Chapter 155.
855;Miss Thursday;0155;0091;2000;Mentioned only character. She was first mentioned by Nefertari Vivi in Chapter 155.
856;Miss Tuesday;0155;0091;2000;Mentioned only character. She was first mentioned by Nefertari Vivi in Chapter 155.
857;Miyagi;0807;0756;2015;
858;Mizerka;0978;0982;2020;Her name was revealed in Chapter 997.
859;Mizuira;0391;0275;2005;Her name was revealed in the Blue Deep databook.
860;Mizuta Madaisuki;0487;0380;2008;His name was revealed in SBS Volume 53.
861;Mizuta Mawaritosuki;0488;0380;2008;His name was revealed in SBS Volume 53.
862;Moai;1040;;2022;His name was revealed in SBS Volume 102.
863;MocDonald;0447;0341;2007;His name was revealed in the Blue Deep databook.
864;Mocha;0657;0582;2012;Her name was revealed in Chapter 665.
865;Mochi;0274;0180;2003;His name was revealed in the Blue Deep databook.
866;Moda;0278;0880;2003;She made a cameo appearance in Episode 381 in a newspaper.
867;Mohji;0009;0006;1997;His name was revealed in Chapter 12.
868;Momonga;0420;0302;2006;His name was revealed in the Yellow databook. He was formally introduced in Chapter 516.
869;Momoo;0073;0031;1999;
870;Monda;0306;0209;2004;
871;Monet;0657;0581;2012;Her name was revealed in Chapter 662.
872;Monjii;0807;0756;2015;
873;Monjiro;0926;0918;2018;His name was revealed in Vivre Card.
874;Monkey D. Dragon;0100;0052;1999;His full name was revealed by Monkey D. Garp in Chapter 432.
875;Monkey D. Garp;0092;0068;1999;He is formally introduced in Chapter 432.
876;Monkey D. Luffy;0001;0001;1997;
877;Monster;0001;0489;1997;His name was revealed in the Blue databook.
878;Mont Blanc Cricket;0227;0148;2002;
879;Mont Blanc Noland;0286;0187;2003;He was first mentioned in a book in Chapter 227.
880;Moodie;0043;0020;1998;Her name was revealed in the Blue databook.
881;Moon Isaac Jr.;0966;0969;2020;His name was revealed in SBS Volume 96.
882;Moqueca;0906;0884;2018;His name was revealed in Vivre Card.
883;Morgan;0004;0002;1997;He was first mentioned by Helmeppo in Chapter 3.
884;Morgans;0860;0828;2017;He was first mention by a King Soldier in Chapter 859.
885;Morley;0904;0880;2018;She first appeared as a silhouette in Chapter 801.
886;Mornin;0023;SP12;1998;
887;Mororon;0905;0882;2018;
888;Mosh;1038;1065;2022;His name was revealed in SBS Volume 102.
889;Motobaro;0494;0388;2008;
890;Motzel;0043;0020;1998;His name was revealed in SBS Volume 8.
891;Mounblutain;0598;0517;2010;His name was revealed in the Blue Deep databook.
892;Mountain God;0960;0960;2019;It was named Yama-san by Kozuki Oden in Chapter 963.
893;Mountain Ricky;0313;0217;2004;
894;Mouseman;0915;0901;2018;
895;Mousse;0287;0187;2003;
896;Moyle;0272;0178;2003;His name was revealed in the Blue Deep databook.
897;Mozambia;0234;0151;2002;His name was revealed in the Blue Deep databook.
898;Mozu;0329;0233;2004;
899;Mr. 6;0155;0091;2000;Mentioned only character. He was first mentioned by Nefertari Vivi in Chapter 155.
900;Mr. 7;0190;0116;2001;He was first mentioned by Daz Bonez and Zala in Chapter 190.
901;Mr. 7;0205;0124;2001;
902;Mr. 9;0103;0062;1999;
903;Mr. 10;0155;0091;2000;Mentioned only character. He was first mentioned by Nefertari Vivi in Chapter 155.
904;Mr. 11;0128;0079;2000;
905;Mr. 12;0155;0091;2000;Mentioned only character. He was first mentioned by Nefertari Vivi in Chapter 155.
906;Mr. 13;0105;0063;1999;
907;Mr. Beans;0106;0064;1999;His name was revealed in the Blue databook.
908;Mr. Love;0206;0125;2001;His name was revealed in the Blue databook.
909;Mr. Mellow;0159;0095;2000;His name was revealed in the Blue databook.
910;Mr. Momora;0966;0966;2020;His name was revealed in SBS Volume 96.
911;Mr. Sacrifice;0107;;1999;Mentioned only character. His name was seen on a gravestone on Whisky Peak.
912;Mr. Shimizu;0107;0064;1999;His name was revealed in the Blue databook.
913;Muchana;0536;0437;2009;His name was revealed in Vivre Card.
914;Mugren;0966;0966;2020;His name was revealed in SBS Volume 96.
915;Mukkashimi Tower;0707;0637;2013;His name was revealed in SBS Volume 75.
916;Mummy;0706;0652;2013;
917;Mummy Mee;0079;0035;1999;Her name was revealed in Blue databook.
918;Muret;0223;0146;2002;Her name was revealed in the Blue databook.
919;Nako;0077;0032;1999;His name was revealed in the Blue databook.
920;Nami;0008;0001;1997;Her name was revealed in Chapter 9.
921;Namur;0552;0461;2009;His name was revealed in SBS Volume 58.
922;Nangi;0988;0997;2020;
923;Napoleon;0651;0571;2012;His name was revealed in Chapter 853.
924;Nashi;0906;0884;2018;His name was revealed in Vivre Card.
925;Natto;0164;0100;2001;His name was revealed in the Blue databook.
926;Nazu Ketagari;;;2019;Joke character. He was first mentioned in SBS Volume 94.
927;Nefertari Cobra;0142;0091;2000;
928;Nefertari D. Lili;1084;;2023;Her full name was revealed in Chapter 1085.
929;Nefertari Titi;0215;0129;2002;Her name was revealed in the Blue databook.
930;Nefertari Vivi;0103;0062;1999;Her real name was revealed by Mr.5 in Chapter 110.
931;Neggy;0906;0884;2018;Her name was revealed in Vivre Card.
932;Negikuma Maria;0133;0080;2000;Her name was revealed in the Blue databook.
933;Nekomamushi;0809;0756;2015;
934;Nekozaemon;0806;0755;2015;
935;Neptune;0611;0530;2011;
936;Nerine;0514;0408;2008;Her name was revealed in SBS Volume 54.
937;Nero;0367;0257;2005;
938;Nerona Imu;1085;;2023;Mentioned only character.
939;Nezumi;0069;0031;1999;
940;Nico Olvia;0392;0275;2005;
941;Nico Robin;0114;0067;1999;Her real name was revealed by Crocodile in Chapter 177.
942;Nigeratta;0398;0278;2006;His name was revealed in the Blue Deep databook.
943;Nika;0608;0527;2010;
944;Nika;1018;1040;2021;He was first mentioned by Who's-Who in Chapter 1018.
945;Nin;0449;0343;2007;
946;Ninjin;0023;0009;1998;
947;Ninth;0558;;2009;His name was revealed in the Green databook
948;Nitro;0651;0571;2012;His name was revealed in Chapter 827. He was first identified in Chapter 850.
949;Nnke-kun;;;2003;Joke character. He first appeared in God's Gift for the Future. His name was revealed in the Blue databook. His first appearance in One Piece was in SBS Volume 31.
950;Noble Croc;0831;0791;2016;His name was revealed by Tony Tony Chopper in Chapter 849.
951;Nokotti;0936;0932;2019;Her name was revealed in Vivre Card.
952;Nojiko;0070;0031;1999;
953;Nola;0255;0168;2003;Her name was revealed in the Yellow databook.
954;Nora Gitsune;0598;0518;2010;His name was revealed in the Blue Deep databook.
955;Noriko;0940;0937;2019;Her name was revealed in Vivre Card.
956;Nosgarl;0558;;2009;His name was revealed in the Green databook.
957;Nubon;0711;0641;2013;His name was revealed in SBS Volume 73.
958;Nugire Yainu;0037;0010;1998;His name was revealed in the Blue databook.
959;Nure-Onna;0998;1013;2020;Her name was reveled in Chapter 1020.
960;Nyasha;0842;0806;2016;Its name was revealed in SBS Volume 87.
961;Oars;0456;0350;2007;
962;Octopako;0203;0531;2001;
963;Ochoku;0957;0958;2019;Mentioned only character. They were first mentioned by Sengoku in Chapter 957.
964;Ohm;0241;0155;2002;His name was revealed in Chapter 254.
965;Oide;0909;0890;2018;Her name was revealed in Vivre Card.
966;Oimo;0377;0265;2005;
967;Okame;0163;0100;2001;Her name was revealed in the Blue databook.
968;Okome;0224;0146;2002;His name was revealed in the Blue databook.
969;Oli;1076;;2023;Her name was revealed in Chapter 1079.
970;Oliva;;;2018;He was first introduced in One Piece novel A Volume 2.
971;Omasa;0952;0946;2019;He first appeared as a silhouette in Chapter 940.
972;Onigumo;0420;0302;2006;His name was revealed in the Yellow databook. He was formally introduced in Chapter 542.
973;Onimaru;0936;0932;2019;"Debuted as a human named Gyukimaru; his real name and appearance was revealed in Chapter 953."
974;Oran;0391;0275;2005;His name was revealed in the Blue Deep databook.
975;Orlumbus;0704;0632;2013;
976;Ossamondo;0552;0461;2009;His name was revealed in One Piece Magazine Vol.2.
977;Otohime;0621;0540;2011;She was first mentioned by Jinbe in Chapter 615.
978;Outlook III;0586;0496;2010;His name was revealed in the Blue Deep databook.
979;Packy;0096;0048;1999;His name was revealed in the Blue databook.
980;Pagaya;0239;0154;2002;
981;Page One;0929;0923;2018;
982;Palms;0553;0470;2009;His name was revealed in the Green databook.
983;Pandaman;0044;0016;1998;Joke character. His name was revealed in SBS Volume 6.
984;Pandawoman;0517;0409;2008;Joke character. Her name was revealed in SBS Volume 55.
985;Pandora;0867;0837;2017;
986;Pankuta Dakeyan;0525;0422;2008;His name was revealed in Vivre Card.
987;Pansy;0515;0409;2008;
988;Papaneel;0621;0540;2011;His name was revealed in the Blue Deep databook.
989;Papas;1039;1066;2022;His name was revealed in SBS Volume 102.
990;Pappag;0195;0385;2001;He was formally introduced in Chapter 491.
991;Pascia;0501;0394;2008;
992;Patty;0044;0021;1998;
993;Paulie;0323;0230;2004;
994;Pavlik;0553;0477;2009;His name was revealed in the Green databook.
995;Peachbeard;0904;0880;2018;
996;Pearl;0054;0025;1998;
997;Peepley Lulu;0323;0230;2004;
998;Pedro;0805;0754;2015;
999;Pekkori;0524;0421;2008;His name was revealed in Episode 421 credits.
1000;Pekoms;0651;0570;2012;
1001;Pell;0155;0091;2000;His name was revealed in Chapter 167.
1002;Pellini;0711;0641;2013;His name was revealed in SBS Volume 73.
1003;Penguin;0498;0392;2008;His name was revealed in SBS Volume 62.
1004;Peppoko;0002;0001;1997;His name was revealed in the Blue databook.
1005;Perona;0443;0338;2007;
1006;Peterman;0499;0393;2008;
1007;Petermoo;0966;0959;2020;His name was revealed in SBS Volume 96.
1008;Pica;0700;0629;2013;His name was revealed by Wicca in Chapter 722.
1009;Pickles;0309;0210;2004;
1010;Pierre;0237;0153;2002;
1011;Piiman;0023;0009;1998;
1012;Pike;0652;0572;2012;He was named in his anime concept art.
1013;Pinky;0008;0004;1997;
1014;Pisaro;0072;0032;1999;His name was revealed in the Blue databook.
1015;Pluming;1083;;2023;
1016;Poker;0997;0982;2020;
1017;Pomp;1029;1054;2021;His name was revealed in SBS Volume 102.
1018;Pomsky;1089;;2023;His name was revealed in Chapter 1108.
1019;Poppoko;0002;0001;1997;His name was revealed in the Blue databook.
1020;Poppy;0515;0409;2008;
1021;Porche;0305;0207;2004;
1022;Porchemy;0583;0494;2010;
1023;Poro;0014;0008;1997;His name was revealed in the Blue databook.
1024;Portgas D. Ace;0154;0091;2000;
1025;Portgas D. Rouge;0550;0000;2009;
1026;Potato;0498;0392;2008;His name was revealed in Chapter 1101.
1027;Potaufeu;0908;0889;2018;His name was revealed in the captions of Episode 889.
1028;Potsun;0217;0130;2002;His name was revealed in the Blue databook.
1029;Pound;0831;0792;2016;His name was revealed in Chapter 835.
1030;Prince Grus;0966;1090;2019;His name was revealed in Chapter 1061.
1031;Prometheus;0827;0786;2016;His name was revealed in Chapter 844. He was first identified in Chapter 845.
1032;Pudding Pudding;0075;0034;1999;
1033;Pudos;0924;0916;2018;His name was revealed in Vivre Card.
1034;Puppu;0155;0092;2000;His name was revealed in the Blue databook.
1035;Pururu;1079;;2023;
1036;PX-1;0511;0403;2008;
1037;PX-4;0508;0401;2008;Its number was revealed in Chapter 511.
1038;PX-5;0599;0519;2010;Its number was revealed in Chapter 601
1039;PX-7;0599;0519;2010;
1040;Pythagoras;1065;1095;2022;Its name was first seen on a chart in Chapter 1062.
1041;Queen;0925;0918;2018;He first appeared as a silhouette in Chapter 920.
1042;Queen Mama Chanter;0730;0662;2013;Its name was revealed through its model as part of the Grand Ship Collection.
1043;Quincy;1039;1066;2022;Her name was revealed in SBS Volume 102.
1044;Rabbitman;0916;0904;2018;His name was revealed in the credits of Episode 908
1045;Rabiyan;0827;0786;2016;
1046;Raccoon;;;2018;He was first introduced in One Piece novel A Volume 2.
1047;Raideen;0866;0836;2017;
1048;Raijin;0931;0925;2019;His name was revealed in Chapter 933.
1049;Raizo;0817;0768;2016;His name was first mentioned by Kanjuro in Chapter 803.
1050;Raki;0249;0163;2002;Her name was revealed by Wyper in Chapter 251.
1051;Rakuda;0929;0922;2019;
1052;Rakuyo;0553;0461;2009;His name was revealed in SBS Volume 58.
1053;Ramba;0551;0460;2009;His name was revealed by the Marines in Episode 460.
1054;Ramen;0823;0777;2016;His name was revealed in the captions of Episode 889.
1055;Rampo;0711;0641;2013;His name was revealed by Leo in Chapter 733.
1056;Ran;0516;0410;2008;
1057;Randolph;0827;0786;2016;His name was revealed by Tony Tony Chopper in Chapter 832.
1058;Rangram;0966;;2020;His name was revealed in SBS Volume 96.
1059;Ratel;1073;;2023;
1060;Rebecca;0704;0633;2013;
1061;Reck;1038;1065;2022;His name was revealed in SBS Volume 102.
1062;Recycle-Wan;1063;1092;2022;
1063;Red King;1078;;2023;His name was revealed in Chapter 1107.
1064;Reforte;0556;;2009;His name was revealed in the Green databook.
1065;Reuder;0550;0459;2009;His name was revealed in the Blue Deep databook.
1066;Richie;0009;0006;1997;His name was revealed by Mohji in Chapter 12.
1067;Rika;0003;0002;1997;
1068;Riku Doldo III;0706;0636;2013;His real name was revealed in Chapter 726.
1069;Rindo;0516;0410;2008;Her name was revealed in SBS Volume 54.
1070;Rint;0391;0275;2005;Her name revealed in Color Walk 4.
1071;Ripper;0007;0003;1997;His name was revealed in the Blue databook.
1072;Ririka;0004;0002;1997;Her name was revealed in the Blue databook.
1073;Risky Brothers;0451;0344;2007;
1074;Risky Brothers;0475;0370;2007;
1075;Rivers;0223;0146;2002;His name was revealed in the Blue databook.
1076;Road;0898;0836;2017;He was first mentioned by a giant in Chapter 866.
1077;Rob Lucci;0323;0230;2004;
1078;Robson;0135;0081;2000;
1079;Roche;0391;0275;2005;His name revealed in Color Walk 4.
1080;Roche Tomson;0536;0436;2009;Mentioned only character. Their name was seen on Impel Down level 5 prisoner list.
1081;Rock;0665;0591;2012;His name was revealed by Chadros Higelyges in Chapter 666.
1082;Rocks D. Xebec;0957;0958;2019;
1083;Rockstar;0234;0151;2002;
1084;Roddy;0805;0754;2015;
1085;Roji;0391;0275;2005;
1086;Rokkaku;0004;0002;1997;His name was revealed in the Blue databook.
1087;Rokki;1036;1063;2022;
1088;Rolling Logan;0706;0652;2013;
1089;Roronoa Arashi;;;2023;He was first mentioned in SBS Volume 105.
1090;Roronoa Pinzoro;;;2023;He was first mentioned in SBS Volume 105.
1091;Roronoa Zoro;0003;0001;1997;He was first mentioned by Alvida in Chapter 2.
1092;Roshio;0222;0146;2002;
1093;Ross;0223;0146;2002;His name was revealed in the Blue databook.
1094;Rosward;0497;0391;2008;
1095;Rowing;0967;0959;2020;His name was revealed in SBS Volume 96.
1096;Roxanne;0046;;1998;
1097;Rug Bear;0446;0341;2007;Its name was revealed in the Blue Deep databook.
1098;Run;0679;0605;2012;
1099;Rush;0558;;2009;His name was revealed in the Green databook.
1100;Russian;0775;0715;2015;
1101;Ryuboshi;0609;0528;2011;
1102;Ryunosuke;0803;0752;2015;It was named by the Straw Hats in Chapter 804.
1103;S-Bear;1062;1092;2022;His name was revealed in Chapter 1068.
1104;S-Hawk;1059;1087;2022;His name was revealed in Chapter 1068.
1105;S-Shark;1065;1094;2022;
1106;S-Snake;1059;1087;2022;Her name was revealed in Chapter 1068.
1107;Saber;0552;0461;2009;His name was revealed in One Piece Magazine Vol.2.
1108;Sabo;0583;0494;2010;He was first mentioned by Portgas D. Ace in Chapter 574.
1109;Sadi;0531;0432;2009;
1110;Sai;0704;0632;2013;
1111;Saikoro;0915;0901;2018;Its name was revealed in Vivre Card.
1112;Sakazuki;0397;0278;2006;He was first mentioned by Nico Robin in Chapter 319. His real name was revealed in Chapter 397. Formerly known by his admiral alias Akainu.
1113;Saki;0940;0937;2019;She was first mentioned by Tonoyasu in Chapter 940. She has only been seen in the anime.
1114;Saldeath;0530;0431;2009;
1115;Salome;0516;0409;2010;Her name was mentioned by Boa Hancock in Chapter 575.
1116;Sam;0094;0043;1999;Joke character. His name was revealed in SBS Volume 14.
1117;Samosa;0908;0889;2018;His name was revealed in the captions of Episode 889.
1118;Samurai Batts;0117;0070;2000;His name was revealed in the Blue databook.
1119;Sancrin;0557;0456;2009;His name was revealed in the Blue Deep databook.
1120;Sandayu;0928;0921;2018;His name was revealed in Vivre Card.
1121;Sanji;0043;0020;1998;
1122;Sanjuan Wolf;0575;0484;2010;His was first mentioned by Emporio Ivankov in Chapter 538.
1123;Sanka;0608;0527;2010;
1124;Sapi;0098;0051;1999;His name was revealed in the Blue databook.
1125;Sarahebi;0919;0909;2018;Her name was revealed in SBS Volume 95. She was initially named Rokuro in the credits of Episode 909.
1126;Sarfunkel;0620;Film: Red;2011;Cover story character.
1127;Sarie Nantokanette;0823;0777;2016;
1128;Sarquiss;0222;0146;2002;His name was revealed in Chapter 223.
1129;Saru;0497;0391;2008;
1130;Sarutobi;0931;0925;2019;His name was revealed in SBS Volume 97.
1131;Sasaki;0977;0982;2020;His name and appearance were revealed in Chapter 978. He appeared shadowed in the anime in Episode 954.
1132;Satori;0241;0155;2002;His name was revealed in Chapter 246.
1133;Sauce;0906;0884;2018;His name was revealed in Vivre Card.
1134;Scarlett;0721;0650;2013;
1135;Schollzo;0325;0231;2004;His name was revealed in the Yellow databook.
1136;Scopper Gaban;0019;0000;1997;His name was revealed in the Blue Deep databook.
1137;Scotch;0665;0591;2012;His name was revealed by Chadros Higelyges in Chapter 666.
1138;Scotch;0595;0513;2010;His name was revealed in the Blue Deep databook.
1139;Scratchmen Apoo;0498;0392;2008;
1140;Seaboar;0191;;2001;
1141;Seagull Guns Nozdon;0000;0000;2009;His full name was revealed in SBS Volume 97.
1142;Seamars;0440;;2007;Cover story character. His name was revealed in the Blue Deep databook.
1143;Seira;0608;0527;2010;Her name was revealed in SBS Volume 65.
1144;Seki;0906;0884;2018;His name was revealed in the captions of Episode 889.
1145;Sengoku;0234;0151;2002;
1146;Sennorikyuru;1053;1080;2022;His name was revealed in SBS Volume 104.
1147;Senor Pink;0702;0632;2013;
1148;Sentomaru;0497;0401;2008;His name was revealed in Chapter 511.
1149;Serizawa;0915;;2018;His name was revealed in Vivre Card.
1150;Seto;0287;0187;2003;
1151;Shachi;0498;0392;2008;His name was revealed in SBS Volume 62.
1152;Shaka;1062;1091;2022;
1153;Shakuyaku;0498;0392;2008;Also known by her alias, Shakky.
1154;Shalria;0497;0391;2008;
1155;Sham;0031;0013;1998;
1156;Shanba;0524;0419;2008;His name was revealed in the Blue Deep databook.
1157;Shandia Chief;0275;0168;2003;His name was revealed in Chapter 281.
1158;Shanks;0001;0003;1997;
1159;Sharinguru;0428;0310;2006;His name was revealed in the Yellow databook.
1160;Sheepshead;0795;0739;2015;
1161;Shelly;0304;0207;2004;
1162;Shepherd Ju Peter;0233;0151;2002;His name was revealed in Chapter 1086.
1163;Shiki;0000;0426;2009;He was first mentioned by Sengoku in Chapter 530.
1164;Shimotsuki Furiko;;;2023;She was first mentioned in SBS Volume 105.
1165;Shimotsuki Koushirou;0005;0019;1997;His name was revealed in the Blue databook. His full name was revealed in SBS Volume 105.
1166;Shimotsuki Kozaburo;1033;1060;2021;He was first mentioned by Tenguyama Hitetsu in Chapter 955.
1167;Shimotsuki Kuina;0005;0002;1997;Her full name was revealed in SBS Volume 105.
1168;Shimotsuki Ryuma;0448;0342;2007;His name was revealed by Hogback in Chapter 450. His full name was revealed in Vivre Card.
1169;Shimotsuki Ushimaru;0953;0954;2019;
1170;Shimotsuki Yasuie;0929;0916;2019;His real name was revealed in Chapter 941 by Kanjuro.
1171;Shin Detamaruka;0785;0727;2015;Her name was revealed in SBS Volume 81.
1172;Shin Jaiya;0785;0727;2015;Her name was revealed in SBS Volume 81.
1173;Shine;0214;0128;2002;His name was revealed in the Blue databook.
1174;Shinobu;0921;0911;2018;
1175;Shinosuke;0955;0956;2019;His name was revealed in SBS Volume 100.
1176;Shion;0515;0409;2008;Mentioned only character. Her name was seen on an arena battle board on Amazon Lily.
1177;Shioyaki;0075;0033;1999;His name was revealed in the Blue databook.
1178;Shirahoshi;0612;0531;2011;
1179;Shiryu;0538;0440;2009;He was formally introduced in Chapter 542.
1180;Shishilian;0808;0758;2015;
1181;Shoujou;0226;0147;2002;
1182;Shu;0426;0309;2006;His name was revealed in the Yellow databook.
1183;Shura;0241;0155;2002;His name was revealed in Chapter 248.
1184;Shyarly;0610;0529;2011;
1185;Sicily;0504;0398;2008;His name was revealed in the Blue Deep databook.
1186;Silver Axe;0957;0958;2019;Mentioned only character. They were first mentioned by Sengoku in Chapter 957.
1187;Silvers Rayleigh;0019;0008;1998;His name was revealed in Chapter 500.
1188;Sind;0657;0582;2012;His name was revealed in Chapter 665.
1189;Skull;0552;0461;2009;His name was revealed in One Piece Magazine Vol.2.
1190;Sleepy;;;2010;He was first mentioned in the Green databook.
1191;Smiley;0668;0594;2012;Its name was revealed in Chapter 673.
1192;Smoker;0097;0048;1998;He is formally introduced in Chapter 98.
1193;Smooge;0668;0592;2012;
1194;Snakeman;0916;0904;2018;His name was revealed in the credits of Episode 908
1195;Sodom;0366;0256;2005;
1196;Solitaire;0935;0930;2019;
1197;Some;1031;1057;2021;Her name was revealed in Chapter 1034.
1198;Sonieh;0318;;2004;
1199;Sora;0608;0527;2010;Her name was revealed in the Blue Deep databook.
1200;Sora;0825;0783;2016;
1201;Soro;0003;0002;1997;His name was revealed in the Blue databook.
1202;Spacey;0433;;2006;Cover story character.
1203;Spandam;0355;0249;2005;
1204;Spandine;0392;0275;2005;
1205;Spartan;0703;0633;2013;
1206;Spector;0223;0146;2002;His name was revealed in the Blue databook.
1207;Speed;0917;0904;2018;She was first mentioned by Kiku in Chapter 914.
1208;Speed Jiru;0553;0461;2009;His name was revealed in SBS Volume 58.
1209;Spencer;0966;0959;2020;His name was revealed in SBS Volume 96.
1210;Sphinx;0529;0430;2009;
1211;Splash;0610;0529;2011;
1212;Splatter;0610;0529;2011;
1213;Spoil;0448;0343;2007;His name was revealed by a Thriller Bark Victim's Association member in Chapter 483.
1214;Squard;0551;0460;2009;
1215;Stainless;0096;0045;1999;His name was revealed in the Blue Deep databook.
1216;Stalker;0524;0421;2008;
1217;Stansen;0500;0394;2008;His name was revealed in the Blue Deep databook
1218;Stealth Black;0931;0925;2019;
1219;Stefan;;;2009;Joke character. He was first mentioned in SBS Volume 58.
1220;Sterry;0586;0500;2010;
1221;Stevie;0361;0251;2005;His name was revealed in the Blue Deep databook.
1222;Stomp;0180;0111;2001;His name was revealed in the Blue databook.
1223;Stool;0134;0081;2000;His name is written on his restaurant.
1224;Strawberry;0420;0302;2006;His name was revealed in the Yellow databook.
1225;Streusen;0858;0827;2017;
1226;Stroganoff;0908;0886;2018;His name was revealed in Vivre Card.
1227;Stronger;0223;0146;2002;
1228;Stussy;0860;0828;2017;
1229;Su;0239;0154;2002;
1230;Sugamichi;0931;0925;2019;Its name was revealed in Vivre Card.
1231;Sugar;0682;0608;2012;She was first mentioned by Giolla in Chapter 718. She was identified in Chapter 731.
1232;Suke;0927;0919;2018;
1233;Sukoshiba Kanishitoru;0536;0437;2009;His name was revealed in Vivre Card.
1234;Suleiman;0704;0632;2013;
1235;Sunbell;0000;0000;2009;His name was revealed in SBS Volume 96.
1236;Surume;0604;0524;2010;He was named by Luffy in Chapter 606.
1237;Sweet Pea;0514;0408;2008;
1238;T Bone;0365;0257;2005;He was first mentioned by Corgi in Chapter 362.
1239;Tabuhachiro;0920;0911;2018;His name was revealed in Vivre Card.
1240;Tacos;0905;0882;2018;
1241;Takao;0927;0921;2018;Her name was revealed in Vivre Card.
1242;Take;0075;0034;1999;
1243;Tama;0909;0890;2018;
1244;Tamachibi;0134;0081;2000;
1245;Tamago;0651;0570;2012;
1246;Tamagon;0325;0231;2004;His name was revealed in SBS Volume 45.
1247;Tamanegi;0023;0009;1998;
1248;Tank Lepanto;0706;0636;2013;
1249;Tansui;0197;0386;2001;His name was revealed in the Blue databook. He was formally introduced in Chapter 492.
1250;Tarara;0713;;2013;His name was revealed in One Piece Magazine Vol.2.
1251;Tararan;0452;0346;2007;His name was revealed by a Spider Mice in Chapter 455.
1252;Taro;0000;0000;2009;His name was revealed in SBS Volume 96.
1253;Taroimo;0523;0418;2008;
1254;Tashigi;0096;0048;1999;Her name was revealed by Smoker in Chapter 97. She is formally introduced in Chapter 98.
1255;Tate;0234;0151;2002;Her name was revealed in Vivre Card.
1256;Tea IV;0823;0777;2016;His name was revealed in the captions of Episode 889.
1257;Tegata Ringana;0785;0727;2015;His name was revealed in SBS Volume 81.
1258;Tenjo-Sagari;0980;0986;2020;Her name was reveled in Chapter 1020.
1259;Tensei;1054;1081;2022;Also known by his alias, Kurouma.
1260;Terracotta;0213;0128;2002;
1261;Terry;0223;0146;2002;His name was revealed in the Blue databook.
1262;Terry Gilteo;0440;0324;2006;His name was revealed in the Blue Deep databook.
1263;Tera;;;2023;She was first mentioned in SBS Volume 105.
1264;Teru;;;1999;Mentioned only character. He was first mentioned in SBS Volume 11.
1265;Tetsu;0948;0947;2019;His name was revealed in the captions of Episode 947.
1266;Thalassa Lucas;0142;0091;2000;His name was revealed in the Blue databook.
1267;Thatch;0440;0325;2006;
1268;Tibany;0523;0419;2008;His name was revealed in the Blue Deep databook.
1269;Tilestone;0323;0230;2004;His name was revealed in Chapter 336.
1270;Togare;0628;0548;2011;His name was called out by Hody Jones in Episode 548.
1271;Tokijiro;0929;0922;2019;
1272;Tokikake;0907;0887;2018;
1273;Toko;0927;0920;2018;
1274;Tom;0352;0248;2005;
1275;Tomato Gang;0179;;2001;Joke character. His name was revealed in SBS Volume 27.
1276;Tonjit;0304;0207;2004;
1277;Tony Tony Chopper;0134;0081;2000;
1278;Topman Warcury;0233;0151;2002;His name was revealed in Chapter 1086.
1279;Torasaburo;0815;0766;2016;
1280;Tori;0925;0917;2018;Her name was revealed in Vivre Card.
1281;Tosa;1089;;2023;His name was revealed in Chapter 1108.
1282;Toto;0163;0100;2001;
1283;Totts;0498;0392;2008;His name was revealed in Chapter 1101.
1284;Toyama Tsujigiro;0909;0892;2018;His name was revealed in Vivre Card.
1285;Trafalgar D. Water Law;0498;0392;2008;His true name was revealed in Chapter 763.
1286;Trafalgar Lami;0762;0701;2014;Her full name was revealed on the website for the World Top 100 popularity poll.
1287;Trebol;0700;0629;2013;
1288;Tristan;0795;0739;2015;
1289;Tritobu;0906;0884;2018;His name was revealed in Vivre Card.
1290;Tsugaru Umi;0909;0892;2018;Her name was revealed in Vivre Card.
1291;Tsukimi;0448;;2007;Cover story character.
1292;Tsunagoro;0947;0946;2019;He first appeared as a silhouette in Chapter 940. His name was revealed in Chapter 952.
1293;Tsunokkov;0537;0438;2009;His name was revealed in Vivre Card.
1294;Tsuru;0234;0151;2002;
1295;Tsurue Monnosuke;0933;0928;2019;His name was revealed in Vivre Card.
1296;Tsurujo;0912;0897;2018;Her name was revealed in Chapter 913. Her full name was revealed in Chapter 960.
1297;Turco;0598;0517;2010;His name was revealed in the Blue Deep databook.
1298;Tyrannosaurus;0323;0230;2004;
1299;Ubau;0292;0189;2003;His name was revealed in Vivre Card.
1300;Ucy;0706;0639;2013;He was named by Luffy in Chapter 714.
1301;Uhho;0743;0677;2014;Its name was revealed in SBS Volume 81.
1302;Uholisia;0877;0710;2014;She was first mentioned by Chinjao in Chapter 771. Her appearance was revealed in SBS Volume 77, and was retrospectively added to the anime adaptation of the chapter she was mentioned in.
1303;UK;1029;1054;2021;His name was revealed in SBS Volume 102.
1304;Ukkari;0004;0002;1997;His name was revealed in the Blue databook.
1305;Ukon;0926;0918;2018;His name was revealed in Vivre Card.
1306;Ulti;0977;0982;2020;Her name and appearance were revealed in Chapter 978.
1307;Ultraking;0169;0106;2001;His name was revealed in the Blue databook.
1308;Umit;0860;0828;2017;
1309;Unforgivable Mask;;;2007;Joke character. His name was revealed in SBS Volume 48.
1310;Uni;0810;0757;2016;His name was revealed in SBS Volume 83.
1311;Unigaro;0447;0341;2007;His name was revealed in the Blue Deep databook.
1312;Urashima;0913;0899;2018;
1313;Urban;1089;;2023;His name was revealed in Chapter 1108.
1314;Urouge;0498;0392;2008;
1315;Usagihebi;0022;0018;1998;His name was revealed in the Blue databook.
1316;Usaguchi Hideo;;;2009;His name was revealed in SBS Volume 53. His face is printed on every 1,000 banknote.
1317;Usakkov;0537;0438;2009;His name was revealed in Vivre Card.
1318;Ushiano;0905;0883;2018;His name was revealed in Chapter 1082.
1319;Usopp;0023;0008;1998;
1320;Uta;1055;1029;2022;
1321;Uwattsura;0936;0932;2019;His name was revealed in Vivre Card.
1322;Uzu;0658;0583;2012;His name was revealed in Chapter 686.
1323;Uzuki Tempura;1024;1048;2021;His name was revealed in SBS Volume 101.
1324;Van Augur;0222;0146;2002;His name was revealed in Chapter 234.
1325;Vander Decken;0606;0525;2010;Mentioned only character. He was first mentioned by Brook in Chapter 606.
1326;Vander Decken IX;0606;0525;2010;His full name was revealed by Pappag in Chapter 610. He is formally introduced in Chapter 613.
1327;Vasco Shot;0575;0484;2010;He was first mentioned by Emporio Ivankov in Chapter 538.
1328;Vegapunk;0684;0610;2012;He was first mentioned by Koby in Chapter 433.
1329;Vergo;0671;0597;2012;His name was revealed in Chapter 672.
1330;Very Good;0426;0309;2006;His name was revealed in the Yellow databook.
1331;Victoria Cindry;0446;0340;2007;
1332;Victoria Shiruton Doruyanaika;;;2017;She was first mentioned in SBS Volume 87. Her full name was revealed in SBS Volume 104.
1333;Vinsmoke Ichiji;0828;0787;2016;His name was revealed in Chapter 838. He first appeared as a fictional character in the Sora, Warrior of the Sea comic strip in Episode 783.
1334;Vinsmoke Judge;0832;0793;2016;He first appeared as a fictional character in the Sora, Warrior of the Sea comic strip in Episode 783.
1335;Vinsmoke Niji;0828;0787;2016;His name was revealed in Chapter 838. He first appeared as a fictional character in the Sora, Warrior of the Sea comic strip in Episode 783.
1336;Vinsmoke Reiju;0826;0783;2016;
1337;Vinsmoke Sora;0841;0804;2016;Her name was revealed in Chapter 852. She first appeared obscurely in a photo in Episode 803.
1338;Vinsmoke Yonji;0825;0783;2016;
1339;Viola;0703;0632;2013;Her real identity was revealed in Chapter 728.
1340;Vista;0552;0000;2009;His name was revealed by Mihawk in Chapter 561.
1341;Vitan;0553;;2009;His name was revealed in the Green databook.
1342;Vito;0812;0763;2016;
1343;Wadatsumi;0606;0525;2010;He was formally introduced in Chapter 613.
1344;Wakasa;0915;0901;2018;Her name was revealed in Vivre Card.
1345;Wall Zombie;0452;0346;2007;
1346;Wallace;0552;0461;2009;His name was revealed in One Piece Magazine Vol.2.
1347;Wallem;0561;0470;2009;His name was revealed in the Green databook.
1348;Wanda;0804;0753;2015;
1349;Wany;0804;0753;2015;
1350;Wanyudo;1005;1021;2021;His name was reveled in Chapter 1020.
1351;Wanze;0367;0257;2005;He was first mentioned by Corgi in Chapter 362.
1352;Wapol;0131;0079;2000;
1353;Warashi;0269;0176;2003;His name was revealed in the Blue Deep databook.
1354;Warazane;0931;0925;2019;Its name was revealed in Vivre Card.
1355;Waruno Furishiro;0926;0918;2018;His name was revealed in Vivre Card.
1356;Wellington;0763;0702;2014;
1357;Wheel;0906;0884;2018;His name was revealed in Vivre Card.
1358;Whitey Bay;0556;0462;2009;
1359;Who's-Who;0977;0982;2020;His name and appearance were revealed in Chapter 978. He appeared shadowed in the anime in Episode 954.
1360;Wicca;0705;0635;2013;Her name and appearance revealed in Chapter 711.
1361;Willie Gallon;0218;0144;2002;Mentioned only character. He was first mentioned in Chapter 218.
1362;Wire;0500;0394;2008;His name was revealed in the Blue Deep databook.
1363;Woop Slap;0001;0004;1997;His name was revealed in the Blue databook.
1364;Wyper;0237;0153;2002;His name was revealed in Chapter 249.
1365;X Drake;0498;0392;2008;
1366;Yama;0254;0167;2002;
1367;Yamakaji;0420;0302;2006;His name was revealed in the Yellow databook.
1368;Yamato;0971;0972;2020;He was first mentioned by Kaidou in Chapter 977. His name was revealed by Kaidou in Chapter 979.
1369;Yame;0917;0904;2018;Her name was revealed in Vivre Card.
1370;Yamenahare;0436;;2006;His name was revealed in SBS Volume 47.
1371;Yamon;;0966;2020;He was first mentioned in SBS Volume 96.
1372;Yarisugi;0673;0599;2012;
1373;Yasopp;0001;0004;1997;His name was revealed by Monkey D. Luffy in Chapter 25.
1374;Yatappe;0952;0946;2019;He first appeared as a silhouette in Chapter 940.
1375;Yazaemon;0931;0925;2019;His name was revealed in SBS Volume 97.
1376;Yokan;0915;0902;2018;His name was revealed in Vivre Card.
1377;Yokozuna;0322;0228;2004;
1378;Yomo;0806;0755;2016;His name was revealed by Pedro in Chapter 822.
1379;Yonka;0608;0527;2010;
1380;Yonka Two;0608;0527;2010;
1381;York;1065;1095;2022;Her name was first seen on a chart in Chapter 1062.
1382;Yorki;0103;0063;1999;His name was revealed in the Blue databook. He is then formally introduced by Brook in Chapter 486.
1383;Yosaku;0042;0020;1998;
1384;Yoshimoto;0157;0094;2000;His name was revealed in the Blue databook.
1385;Yotsubane;0269;0176;2003;His name was revealed in the Blue Deep databook.
1386;Yu;0098;0048;1999;Her name was revealed in the Blue databook.
1387;Yui;0966;0966;2020;His name was revealed in SBS Volume 96.
1388;Yuki;0129;0078;2000;Her name was revealed in the Blue databook.
1389;Yurikah;0151;;2000;Cover story character.
1390;Zabo;0241;0145;2002;His name revealed in Episode 145 credits.
1391;Zadie;0391;0275;2005;His name revealed in Color Walk 4.
1392;Zala;0160;0103;2000;"She was first mentioned by Nefertari Vivi in Chapter 155 as her alias ""Miss Doublefinger"". Her real name was revealed in Vivre Card."
1393;Zambai;0324;0230;2004;His name was revealed by Franky Family members in Chapter 330.
1394;Zanki;0991;1055;2020;His name was revealed in Chapter 1030.
1395;Zeff;0043;0020;1998;
1396;Zeo;0611;0530;2011;
1397;Zepo;0850;0815;2016;
1398;Zeus;0827;0786;2016;His name was revealed in Chapter 844. He was first identified in Chapter 845.
1399;Zodia;0553;0462;2009;His name was revealed in the Green databook.
1400;Zotto;0533;0434;2009;His name was revealed in the Vivre Card.
1401;Zucca;0564;0489;2009;His name was revealed in the Green databook.
1402;Zunesha;0802;0751;2015;
